Date,Actual,Predicted_Prob,P10,P90,Binary_Prediction,Signal,Confidence,Close,EMA_8,SMA_200,sentiment_positive,sentiment_negative,sentiment_neutral
2023-02-24,1.0,0.5083704,0.4781935,0.71526265,1,0.0,0.5083704,146.71,149.83798740624846,147.2006,0.5545707983333333,0.121329311,0.3240999096666667
2023-02-27,1.0,0.5201494,0.47647044,0.7140383,1,0.0,0.5201494,147.92,149.41176798263768,147.16764999999998,0.5545707983333333,0.121329311,0.3240999096666667
2023-02-28,1.0,0.48029193,0.4876178,0.7185312,0,0.0,0.51970804,147.41,148.96693065316265,147.1722,0.30955193666666664,0.3657354986666667,0.3247125686666667
2023-03-01,1.0,0.5831379,0.48142317,0.7104698,1,0.0,0.5831379,145.31,148.1542793969043,147.18595,0.90011674,0.047797225,0.052086093
2023-03-02,1.0,0.57982624,0.47441447,0.7079201,1,0.0,0.57982624,145.91,147.65555064203667,147.17995,0.38019459,0.0640570655,0.5557484
2023-03-03,0.0,0.53591174,0.48357064,0.7132744,1,0.0,0.53591174,151.03,148.40542827713963,147.2074,0.44667830000000003,0.325296319,0.22802536333333334
2023-03-06,0.0,0.5610469,0.49101952,0.71498305,1,0.0,0.5610469,153.83,149.6108886599975,147.23035,0.391198185,0.101901855,0.506899955
2023-03-07,1.0,0.5537651,0.47932437,0.7098422,1,0.0,0.5537651,151.6,150.05291340222027,147.28425,0.05381494,0.050722335,0.89546275
2023-03-08,1.0,0.55472505,0.48983023,0.7089008,1,0.0,0.55472505,152.87,150.67893264617132,147.36185,0.077786065,0.8352777149999999,0.0869362135
2023-03-09,1.0,0.55729556,0.4950536,0.7063173,1,0.0,0.55729556,150.59,150.65916983591103,147.42685,0.8629230999999999,0.12455198,0.0125249045
2023-03-10,1.0,0.46289524,0.4970832,0.7107707,0,0.0,0.5371047,148.5,150.17935431681968,147.4538,0.4417460516666667,0.24338098499999997,0.3148729536666667
2023-03-13,1.0,0.4361798,0.50300884,0.7172583,0,0.0,0.56382024,150.47,150.24394224641532,147.50435,0.4417460516666667,0.24338098499999997,0.3148729536666667
2023-03-14,1.0,0.53007996,0.48793864,0.71061546,1,0.0,0.53007996,152.59,150.76528841387858,147.5647,0.33217634333333335,0.3249750943333333,0.34284853266666665
2023-03-15,1.0,0.5691197,0.4827622,0.70490265,1,0.0,0.5691197,152.99,151.25966876635002,147.61075,0.271654986,0.23423232700000002,0.49411277849999996
2023-03-16,1.0,0.56900835,0.48536184,0.7069461,1,0.0,0.56900835,155.85,152.2797423738278,147.6418,0.271654986,0.23423232700000002,0.49411277849999996
2023-03-17,1.0,0.4835246,0.4919303,0.71288425,0,0.0,0.51647544,155.0,152.88424406853272,147.6726,0.025354112,0.13083036,0.8438155
2023-03-20,1.0,0.45951077,0.49331266,0.71779996,0,0.0,0.5404892,157.4,153.88774538663657,147.71605,0.3519151,0.13456084,0.51352406
2023-03-21,0.0,0.48669845,0.48445076,0.7133719,0,0.0,0.51330155,159.28,155.0860241896062,147.7564,0.59756685,0.3735165815,0.028916562
2023-03-22,1.0,0.51351047,0.48333964,0.71363294,1,0.0,0.51351047,157.83,155.69579659191595,147.81865,0.7610206,0.230168,0.008811427
2023-03-23,1.0,0.5106849,0.48739895,0.71118546,1,0.0,0.5106849,158.93,156.41450846037907,147.8826,0.493732232,0.47898262333333336,0.027285138
2023-03-24,1.0,0.51625276,0.4857119,0.712789,1,0.0,0.51625276,160.25,157.26683991362816,147.9403,0.8326487133333332,0.15535750333333334,0.011993789
2023-03-27,1.0,0.4728445,0.4897644,0.71841615,0,0.0,0.5271555,158.28,157.49198659948857,147.99190000000002,0.49888915,0.064189595,0.43692126200000003
2023-03-28,1.0,0.48312458,0.48263726,0.71549284,0,0.0,0.5168754,157.65,157.52710068849112,148.06695000000002,0.33594122233333334,0.6413982566666666,0.022660516000000002
2023-03-29,1.0,0.5102074,0.48308283,0.7154627,1,0.0,0.5102074,160.77,158.24774497993755,148.18515,0.495128322,0.480992234,0.023879440999999998
2023-03-30,1.0,0.48409018,0.48258266,0.71540034,0,0.0,0.5159098,162.36,159.16157942884033,148.33755,0.47408193,0.51387084,0.012047277
2023-03-31,0.0,0.5322012,0.47971812,0.71505773,1,0.0,0.5322012,164.9,160.43678400020914,148.49825,0.36102876,0.2784885,0.36048272
2023-04-03,0.0,0.57276565,0.4765231,0.71675575,1,0.0,0.57276565,166.17,161.71083200016267,148.65195,0.0427421735,0.8013366,0.155921178
2023-04-04,0.0,0.56639796,0.47252917,0.7115479,1,0.0,0.56639796,165.63,162.58175822234875,148.8298,0.2468515295,0.0173367825,0.73581171
2023-04-05,1.0,0.57253045,0.47336504,0.7089138,1,0.0,0.57253045,163.76,162.84358972849347,148.9908,0.4979100165,0.0755803495,0.4265096185
2023-04-06,1.0,0.5673484,0.47482845,0.7090311,1,0.0,0.5673484,164.66,163.2472364554949,149.13475,0.044589072,0.94234264,0.013068217
2023-04-10,1.0,0.4633928,0.48681086,0.7159072,0,0.0,0.5366072,162.03,162.97673946538492,149.26815,0.02520312575,0.05613565975,0.918661225
2023-04-11,1.0,0.47308084,0.47585067,0.71937025,0,0.0,0.5269191,160.8,162.4930195841883,149.3808,0.056164202499999996,0.3038098965,0.64002591
2023-04-12,1.0,0.5786829,0.47451356,0.709633,1,0.0,0.5786829,160.1,161.96123745436867,149.47299999999998,0.031758003,0.009426434,0.95881563
2023-04-13,1.0,0.5806528,0.4724472,0.7103326,1,0.0,0.5806528,165.56,162.76096246450896,149.5925,0.750169455,0.2090022925,0.040828259
2023-04-14,0.0,0.56752783,0.468876,0.7088613,1,0.0,0.56752783,165.21,163.30519302795142,149.73135,0.6386821,0.35179654,0.00952135
2023-04-17,1.0,0.58461547,0.47039044,0.7162319,1,0.0,0.58461547,165.23,163.7329279106289,149.86135,0.24868967166666667,0.4193372453333333,0.33197308233333334
2023-04-18,0.0,0.5562621,0.4691613,0.71089417,1,0.0,0.5562621,166.47,164.34116615271137,150.0101,0.4898899,0.49873442999999995,0.0113756885
2023-04-19,0.0,0.60800076,0.4694081,0.71043056,1,1.0,0.60800076,167.63,165.0720181187755,150.1536,0.4898899,0.49873442999999995,0.0113756885
2023-04-20,1.0,0.49075013,0.4794263,0.7172814,0,0.0,0.50924987,166.65,165.4226807590476,150.27904999999998,0.0971947,0.8869473,0.0158581
2023-04-21,1.0,0.5558559,0.46765184,0.7111835,1,0.0,0.5558559,165.02,165.3331961459259,150.38955,0.0971947,0.8869473,0.0158581
2023-04-24,1.0,0.51244146,0.47585964,0.7137431,1,0.0,0.51244146,165.33,165.33248589127572,150.48445,0.15129414,0.68624103,0.16246487
2023-04-25,1.0,0.5233057,0.47486705,0.7117165,1,0.0,0.5233057,163.77,164.98526680432556,150.56810000000002,0.938683325,0.046382291,0.0149343605
2023-04-26,1.0,0.5177707,0.47519997,0.71152794,1,0.0,0.5177707,163.76,164.71298529225322,150.66254999999998,0.659983785,0.295457235,0.044558983499999996
2023-04-27,0.0,0.53346896,0.4676615,0.7120099,1,0.0,0.53346896,168.41,165.53454411619694,150.7753,0.4729715465,0.0372251245,0.489803331
2023-04-28,1.0,0.47299936,0.47270542,0.719125,0,0.0,0.52700067,169.68,166.45575653481984,150.89625,0.90018034,0.04543002,0.05438957
2023-05-01,1.0,0.504353,0.47578904,0.7155485,1,0.0,0.504353,169.59,167.15225508263765,151.00185,0.15956660150000002,0.4998566425,0.34057676499999995
2023-05-02,1.0,0.56650424,0.47620022,0.7124746,1,0.0,0.56650424,168.54,167.4606428420515,151.0937,0.27333329,0.058451178750000006,0.66821554125
2023-05-03,1.0,0.51651365,0.48002446,0.70955145,1,0.0,0.51651365,167.45,167.45827776604006,151.1956,0.18932342,0.386450825,0.4242256825
2023-05-04,1.0,0.43584922,0.48773426,0.7176292,0,0.0,0.5641508,165.79,167.0875493735867,151.26955,0.2635892374,0.7017380400000001,0.034672749600000004
2023-05-05,0.0,0.48295242,0.48042056,0.71443576,0,0.0,0.5170476,173.57,168.52809395723412,151.37220000000002,0.482851707,0.47343463325,0.043713666750000005
2023-05-08,0.0,0.48039916,0.48145545,0.71141154,0,0.0,0.51960087,173.5,169.63296196673764,151.46295,0.12588575066666666,0.6065387433333332,0.26757550166666666
2023-05-09,1.0,0.5324693,0.48616922,0.70620775,1,0.0,0.5324693,171.77,170.1078593074626,151.55135,0.12588575066666666,0.6065387433333332,0.26757550166666666
2023-05-10,0.0,0.43726742,0.48900867,0.7142751,0,0.0,0.5627326,173.555,170.8738905724709,151.654375,0.05649382,0.018459577,0.9250467
2023-05-11,1.0,0.43423828,0.48634472,0.7169336,0,0.0,0.5657617,173.75,171.5130260008107,151.76512499999998,0.32665207500000004,0.040109499,0.633238415
2023-05-12,1.0,0.37911844,0.4889642,0.71766824,0,-1.0,0.62088156,172.57,171.74790911174165,151.844025,0.076098673,0.4379153595,0.485985999
2023-05-15,1.0,0.40640354,0.48193228,0.71983445,0,0.0,0.59359646,172.07,171.81948486468795,151.917625,0.531815671,0.45429721875,0.0138870985
2023-05-16,0.0,0.48648384,0.47570282,0.7103404,0,0.0,0.5135162,172.07,171.8751548947573,151.965425,0.08681066,0.018429061,0.8947603
2023-05-17,0.0,0.4971846,0.47636908,0.71141475,0,0.0,0.50281537,172.69,172.05623158481123,152.021325,0.08681066,0.018429061,0.8947603
2023-05-18,0.0,0.5020275,0.48216963,0.7079617,1,0.0,0.5020275,175.05,172.72151345485318,152.096525,0.3835782525,0.13802168875,0.4784000835
2023-05-19,1.0,0.50138205,0.47137105,0.7111391,1,0.0,0.50138205,175.16,173.2633993537747,152.141675,0.76661277,0.023572171,0.20981508
2023-05-22,1.0,0.45439506,0.48050973,0.71586776,0,0.0,0.54560494,174.2,173.47153283071367,152.183625,0.336994081,0.333594232,0.329411689
2023-05-23,1.0,0.53417253,0.47566268,0.71133566,1,0.0,0.53417253,171.56,173.04674775722174,152.214675,0.08205479,0.7541095,0.1638357
2023-05-24,1.0,0.45212063,0.47896695,0.71794385,0,0.0,0.54787934,171.84,172.77858158895023,152.249525,0.030974893,0.0980512,0.87097394
2023-05-25,1.0,0.3959737,0.491108,0.71652406,0,-1.0,0.6040263,172.99,172.8255634580724,152.289875,0.030974893,0.0980512,0.87097394
2023-05-26,1.0,0.44962227,0.4799677,0.71341014,0,0.0,0.5503777,175.43,173.4043271340563,152.320825,0.030974893,0.0980512,0.87097394
2023-05-30,1.0,0.4472678,0.4811057,0.7120599,0,0.0,0.5527322,177.3,174.2700322153771,152.36487499999998,0.030974893,0.0980512,0.87097394
2023-05-31,1.0,0.5005443,0.46963876,0.71100754,1,0.0,0.5005443,177.25,174.93224727862665,152.390625,0.8470412,0.14219044,0.010768339
2023-06-01,1.0,0.5357395,0.47551912,0.7086716,1,0.0,0.5357395,180.09,176.07841455004294,152.42512499999998,0.022272782,0.008973979,0.9687533
2023-06-02,1.0,0.45613116,0.47888842,0.7155721,0,0.0,0.54386884,180.95,177.16098909447783,152.464725,0.022272782,0.008973979,0.9687533
2023-06-05,1.0,0.48808366,0.47448295,0.71353716,0,0.0,0.51191634,179.58,177.69854707348276,152.489875,0.436275085,0.49976793999999997,0.0639569115
2023-06-06,1.0,0.4667296,0.48071194,0.7127018,0,0.0,0.53327036,179.21,178.0344255015977,152.515175,0.6736169033333334,0.18673726233333335,0.13964582849999999
2023-06-07,1.0,0.40681744,0.4866342,0.71637225,0,0.0,0.59318256,177.82,177.98677539013153,152.546675,0.6736169033333334,0.18673726233333335,0.13964582849999999
2023-06-08,1.0,0.46545413,0.48552883,0.71122205,0,0.0,0.5345459,180.57,178.56082530343562,152.611675,0.116611116,0.019437915,0.86395097
2023-06-09,1.0,0.4693293,0.4851503,0.7115151,0,0.0,0.5306707,180.96,179.0939752360055,152.68032499999998,0.8125784,0.17635857,0.011063044
2023-06-12,1.0,0.35962167,0.49256924,0.7183918,0,-1.0,0.64037836,183.79,180.13753629467092,152.761625,0.8125784,0.17635857,0.011063044
2023-06-13,1.0,0.43026516,0.4843239,0.71544075,0,0.0,0.5697348,183.31,180.8425282291885,152.82802500000005,0.061410039,0.48741601966666664,0.45117399
2023-06-14,1.0,0.44682378,0.47876465,0.71601725,0,0.0,0.5531762,183.95,181.53307751159105,152.92967499999995,0.061410039,0.48741601966666664,0.45117399
2023-06-15,1.0,0.5824134,0.46973234,0.706817,1,0.0,0.5824134,186.01,182.52794917568195,153.052825,0.061410039,0.48741601966666664,0.45117399
2023-06-16,1.0,0.57799894,0.47291884,0.7094914,1,0.0,0.57799894,184.92,183.0595160255304,153.182875,0.061410039,0.48741601966666664,0.45117399
2023-06-20,1.0,0.48687834,0.47818795,0.71717095,0,0.0,0.51312166,185.01,183.49295690874584,153.32182500000002,0.061410039,0.48741601966666664,0.45117399
2023-06-21,1.0,0.47424442,0.47576895,0.7122158,0,0.0,0.5257556,183.96,183.59674426235787,153.451825,0.8383769,0.15125905,0.010364012
2023-06-22,1.0,0.44940123,0.47992638,0.712466,0,0.0,0.55059874,187.0,184.35302331516723,153.607775,0.38651437,0.605625975,0.0078597405
2023-06-23,1.0,0.43495345,0.48225167,0.71279395,0,0.0,0.56504655,186.68,184.87012924513007,153.768525,0.9172325466666668,0.060526449333333336,0.022241051333333334
2023-06-26,1.0,0.41904157,0.4832702,0.7142334,0,0.0,0.5809584,185.27,184.9589894128789,153.915075,0.06861452999999999,0.4894553885,0.44193010000000005
2023-06-27,1.0,0.51630425,0.47419637,0.7064078,1,0.0,0.51630425,188.06,185.6481028766836,154.08307499999998,0.028236097,0.9506122,0.021151697
2023-06-28,1.0,0.57512015,0.4708748,0.7085127,1,0.0,0.57512015,189.25,186.4485244596428,154.24247499999998,0.8262613,0.16353232,0.01020639
2023-06-29,1.0,0.48479524,0.4816787,0.70523906,0,0.0,0.5152048,189.59,187.14663013527772,154.373275,0.047870338,0.87429767,0.0778319415
2023-06-30,0.0,0.56351376,0.46809217,0.71013844,1,0.0,0.56351376,193.97,188.6629345496605,154.573925,0.476971352,0.489611565,0.033417089999999997
2023-07-03,0.0,0.5146219,0.47175744,0.71185815,1,0.0,0.5146219,192.46,189.5067268719581,154.759675,0.02238162,0.011789916,0.96582854
2023-07-05,0.0,0.5377402,0.4722592,0.70587724,1,0.0,0.5377402,191.33,189.9118986781897,154.954475,0.0491008,0.023170732,0.9277285
2023-07-06,0.0,0.5966082,0.47197175,0.70762265,1,0.0,0.5966082,191.81,190.3336989719253,155.160025,0.02883634,0.95048684,0.020676803
2023-07-07,1.0,0.5436983,0.47427768,0.7058821,1,0.0,0.5436983,190.68,190.4106547559419,155.341025,0.9059421,0.08328219,0.010775712
2023-07-10,1.0,0.4158516,0.48639882,0.71270066,0,0.0,0.5841484,188.61,190.01050925462147,155.499575,0.9059421,0.08328219,0.010775712
2023-07-11,1.0,0.5602402,0.48009095,0.71280813,1,0.0,0.5602402,188.08,189.5815071980389,155.671375,0.516316945,0.474289805,0.009393282999999999
2023-07-12,1.0,0.60705876,0.47441703,0.70719516,1,1.0,0.60705876,189.77,189.6233944873636,155.856525,0.07241444849999999,0.4182460325,0.5093395365
2023-07-13,1.0,0.5552436,0.47431833,0.70585805,1,0.0,0.5552436,190.54,189.8270846012828,156.057075,0.03881966,0.0074080788,0.95377237
2023-07-14,1.0,0.61935055,0.47231105,0.70980203,1,1.0,0.61935055,190.69,190.01884357877552,156.256675,0.03881966,0.0074080788,0.95377237
2023-07-17,0.0,0.44997713,0.48081368,0.72353584,0,0.0,0.55002284,193.99,190.90132278349208,156.467825,0.083725594,0.8376563,0.078618065
2023-07-18,0.0,0.52064407,0.47655463,0.7119306,1,0.0,0.52064407,193.73,191.52991772049384,156.687275,0.1708152815,0.348239107,0.480945555
2023-07-19,0.0,0.46039295,0.47539967,0.71544635,0,0.0,0.53960705,195.1,192.32326933816188,156.950375,0.6076304886666667,0.07934197366666666,0.313027549
2023-07-20,1.0,0.599107,0.47477308,0.7091045,1,0.0,0.599107,193.13,192.50254281857036,157.22502500000002,0.31007370866666667,0.10401350466666666,0.5859127846666666
2023-07-21,1.0,0.5945149,0.47546172,0.7093285,1,0.0,0.5945149,191.94,192.37753330333248,157.472475,0.53663754,0.44099444,0.022368023
2023-07-24,1.0,0.51988703,0.47496125,0.71007544,1,0.0,0.51988703,192.75,192.4603036803697,157.705725,0.16287349,0.8206237,0.016502835
2023-07-25,1.0,0.5333118,0.4745413,0.7062354,1,0.0,0.5333118,193.62,192.71801397362088,157.941825,0.073058809,0.2847670956666667,0.6421740420000001
2023-07-26,0.0,0.4599292,0.48423162,0.7153139,0,0.0,0.5400708,194.5,193.1140108683718,158.187175,0.64757156,0.34129962,0.011128852
2023-07-27,0.0,0.46561173,0.48349681,0.7144485,0,0.0,0.5343883,193.22,193.1375640087336,158.45282500000002,0.045556955,0.94321316,0.011229865
2023-07-28,0.0,0.423617,0.48429582,0.7136046,0,0.0,0.576383,195.83,193.73588311790397,158.729875,0.468091683,0.090593225,0.4413150275
2023-07-31,0.0,0.49939218,0.47626123,0.7130728,0,0.0,0.50060785,196.45,194.33902020281417,159.017225,0.468091683,0.090593225,0.4413150275
2023-08-01,0.0,0.5439732,0.47551045,0.70799917,1,0.0,0.5439732,195.605,194.62034904663324,159.30355,0.21204023,0.012560655,0.775399
2023-08-02,0.0,0.5404585,0.47342473,0.70846087,1,0.0,0.5404585,192.58,194.16693814738144,159.5515,0.47523953,0.42202736625,0.1027331175
2023-08-03,0.0,0.5429587,0.47026566,0.7089155,1,0.0,0.5429587,191.17,193.50095189240776,159.81545,0.5774504652857143,0.17186654185714284,0.25068300314285713
2023-08-04,0.0,0.5840507,0.47703278,0.70632815,1,0.0,0.5840507,181.99,190.94296258298385,160.01335,0.35611245666666663,0.026578274333333332,0.617309255
2023-08-07,1.0,0.5200912,0.4892548,0.7137898,1,0.0,0.5200912,178.85,188.25563756454295,160.18885,0.35714875349999997,0.1104553176,0.532395945
2023-08-08,0.0,0.5915904,0.48073232,0.70682716,1,0.0,0.5915904,179.8,186.37660699464453,160.36855,0.35714875349999997,0.1104553176,0.532395945
2023-08-09,0.0,0.5301636,0.4806366,0.70732063,1,0.0,0.5301636,178.19,184.55736099583464,160.54255,0.5424191966666666,0.041972591999999996,0.41560822199999997
2023-08-10,0.0,0.469029,0.48421553,0.712621,0,0.0,0.530971,177.97,183.0935029967603,160.69605,0.30711287,0.0319516,0.6609356
2023-08-11,0.0,0.42055866,0.48854712,0.71612734,0,0.0,0.5794413,177.79,181.914946775258,160.83775,0.3069514,0.3445148,0.34853378
2023-08-14,0.0,0.38841668,0.48777646,0.7205241,0,-1.0,0.61158335,179.46,181.36940304742288,160.97335,0.520636503,0.3230411755,0.15632233774999998
2023-08-15,0.0,0.42149958,0.48566523,0.7154168,0,0.0,0.5785004,177.45,180.49842459244,161.11385,0.06402179,0.9253424,0.01063583
2023-08-16,1.0,0.43721017,0.47906724,0.71405286,0,0.0,0.5627898,176.57,179.62544134967555,161.2727,0.525271935,0.1321575165,0.342570557
2023-08-17,1.0,0.48360002,0.4751612,0.71191835,0,0.0,0.5164,174.0,178.37534327196988,161.364,0.265593193,0.20514114,0.529265705
2023-08-18,1.0,0.4981542,0.47012988,0.70827454,0,0.0,0.50184584,174.49,177.51193365597658,161.46975,0.24854149,0.6371179,0.11434064
2023-08-21,1.0,0.49748853,0.47477368,0.7110189,0,0.0,0.5025115,175.84,177.14039284353734,161.5957,0.24854149,0.6371179,0.11434064
2023-08-22,1.0,0.5247459,0.46668443,0.7110014,1,0.0,0.5247459,177.23,177.16030554497348,161.7567,0.24854149,0.6371179,0.11434064
2023-08-23,1.0,0.550648,0.47299835,0.71082383,1,0.0,0.550648,181.12,178.04023764609047,161.9679,0.16184688,0.015824346,0.8223287
2023-08-24,1.0,0.4475051,0.47573712,0.7162564,0,0.0,0.5524949,176.38,177.67129594695925,162.1579,0.16184688,0.015824346,0.8223287
2023-08-25,1.0,0.43796322,0.4728055,0.71595544,0,0.0,0.56203675,178.61,177.87989684763497,162.35635,0.16184688,0.015824346,0.8223287
2023-08-28,1.0,0.49578637,0.46968523,0.7146122,0,0.0,0.50421363,180.19,178.3932531037161,162.5598,0.76956713,0.2197049,0.010727968
2023-08-29,0.0,0.5294624,0.46703166,0.71094775,1,0.0,0.5294624,184.12,179.6658635251125,162.80605000000003,0.64672375,0.33042556999999995,0.022850655
2023-08-30,0.0,0.5658083,0.46863082,0.7071461,1,0.0,0.5658083,187.65,181.4401160750875,163.00995,0.507035208,0.16292799659999999,0.3300368038
2023-08-31,0.0,0.50167966,0.472128,0.71167624,1,0.0,0.50167966,187.87,182.8689791695125,163.2008,0.61130214,0.36477157,0.023926347
2023-09-01,0.0,0.5744228,0.47000512,0.7064555,1,0.0,0.5744228,189.46,184.3336504651764,163.4067,0.25565039500000003,0.304996259,0.439353399
2023-09-05,0.0,0.5448143,0.47641268,0.71665597,1,0.0,0.5448143,189.7,185.52617258402609,163.605,0.032223617333333336,0.3300522316666667,0.6377241379999999
2023-09-06,0.0,0.53121394,0.46613488,0.7089517,1,0.0,0.53121394,182.91,184.94480089868696,163.7756,0.4354117645,0.3095543485,0.2550339155
2023-09-07,0.0,0.48782492,0.47451988,0.71379894,0,0.0,0.5121751,177.56,183.3037340323121,163.9098,0.264982662,0.2444393825,0.49057792824999996
2023-09-08,0.0,0.46377093,0.47222635,0.71220946,0,0.0,0.5362291,178.18,182.16512646957608,164.04425,0.04286918,0.14097148,0.8161593
2023-09-11,0.0,0.5898056,0.46259552,0.7018212,1,0.0,0.5898056,179.36,181.5417650318925,164.201,0.19029539,0.76368607,0.046018622999999995
2023-09-12,1.0,0.57516843,0.4611713,0.707274,1,0.0,0.57516843,176.3,180.37692835813863,164.3316,0.7931079,0.054258471249999995,0.1526336255
2023-09-13,1.0,0.44752598,0.47175193,0.71625316,0,0.0,0.552474,174.21,179.0064998341078,164.44729999999998,0.26531587925,0.040652337749999996,0.69403175
2023-09-14,0.0,0.45369804,0.47314206,0.71821064,0,0.0,0.54630196,175.74,178.28061098208386,164.58544999999998,0.471733285,0.045028838,0.483237873
2023-09-15,0.0,0.4730841,0.47142774,0.71697015,0,0.0,0.5269159,175.01,177.55380854162078,164.7394,0.70782906,0.23075317,0.061417747
2023-09-18,0.0,0.45102108,0.4682012,0.71850485,0,0.0,0.5489789,177.97,177.6462955323717,164.92340000000002,0.03477203,0.9356053,0.029622667
2023-09-19,0.0,0.44328845,0.47277954,0.71886003,0,0.0,0.55671155,179.07,177.96267430295578,165.0786,0.36543784,0.59414136,0.040420808
2023-09-20,0.0,0.446749,0.47307917,0.7188511,0,0.0,0.553251,175.49,177.41319112452115,165.21450000000002,0.4036992585,0.116694472,0.479606222
2023-09-21,0.0,0.445573,0.47445515,0.7164449,0,0.0,0.554427,173.93,176.63914865240534,165.34509999999997,0.4036992585,0.116694472,0.479606222
2023-09-22,0.0,0.44327015,0.4735462,0.7173146,0,0.0,0.55672985,174.79,176.22822672964858,165.48590000000002,0.036323104,0.94669235,0.016984455
2023-09-25,0.0,0.4503671,0.4650404,0.7203409,0,0.0,0.5496329,176.08,176.19528745639334,165.65175,0.05047934233333334,0.6166168716666666,0.33290383166666665
2023-09-26,1.0,0.5064552,0.4683701,0.7100575,1,0.0,0.5064552,171.96,175.2541124660837,165.80685000000005,0.4873210253333333,0.4920324366666667,0.02064653683333333
2023-09-27,1.0,0.43713734,0.47842017,0.715125,0,0.0,0.56286263,170.43,174.18208747362067,165.94575,0.75361576,0.1075952515,0.138788969
2023-09-28,1.0,0.41457453,0.47867146,0.71826553,0,0.0,0.5854255,170.69,173.4060680350383,166.0884,0.22684851766666667,0.2130069088333333,0.560144556
2023-09-29,1.0,0.48049542,0.4638427,0.7149835,0,0.0,0.51950455,171.21,172.91805291614088,166.222,0.087567425,0.460821306,0.4516112975
2023-10-02,1.0,0.51306826,0.46461648,0.7148559,1,0.0,0.51306826,173.75,173.10293004588735,166.3634,0.069208281,0.38693785666666664,0.5438538460000001
2023-10-03,1.0,0.4285405,0.47171915,0.71672815,0,0.0,0.57145953,172.4,172.9467233690235,166.50935,0.490696412,0.49558812750000003,0.013715503
2023-10-04,1.0,0.45497802,0.47184014,0.71654606,0,0.0,0.545022,173.66,173.10522928701826,166.69514999999998,0.25786755066666667,0.07965084333333333,0.6624816
2023-10-05,1.0,0.48374775,0.47018793,0.7140115,0,0.0,0.5162523,174.91,173.50628944545863,166.89715,0.48198673,0.042731160000000004,0.47528212999999997
2023-10-06,1.0,0.5300625,0.46199542,0.70949316,1,0.0,0.5300625,177.49,174.39155845757892,167.12275000000002,0.143162596,0.532337782,0.32449965933333336
2023-10-09,0.0,0.51696837,0.4645079,0.7127956,1,0.0,0.51696837,178.99,175.4134343558947,167.3562,0.5475846934999999,0.19654898475000002,0.25586629
2023-10-10,0.0,0.5296822,0.46634987,0.70931673,1,0.0,0.5296822,178.39,176.0748933879181,167.5709,0.448378045,0.496924455,0.054697475499999995
2023-10-11,0.0,0.5417483,0.46998948,0.7076122,1,0.0,0.5417483,179.8,176.90269485726964,167.80875,0.448378045,0.496924455,0.054697475499999995
2023-10-12,0.0,0.5506743,0.4739553,0.7078111,1,0.0,0.5506743,180.71,177.74876266676526,168.053,0.84886277,0.066393346,0.08474387
2023-10-13,0.0,0.4769114,0.47052002,0.71215916,0,0.0,0.5230886,178.85,177.99348207415076,168.2971,0.027629582,0.03407795,0.9382924
2023-10-16,0.0,0.5324192,0.475618,0.71538556,1,0.0,0.5324192,178.72,178.15493050211725,168.5605,0.5318044133333334,0.11129262,0.356902985
2023-10-17,0.0,0.5102584,0.47053915,0.71034575,1,0.0,0.5102584,177.15,177.93161261275787,168.7982,0.5350782475,0.44822652500000004,0.016695228
2023-10-18,0.0,0.53546625,0.46458638,0.70949394,1,0.0,0.53546625,175.84,177.46680980992278,169.02774999999997,0.46026031274999996,0.023968999249999998,0.5157707055
2023-10-19,0.0,0.51974905,0.46450004,0.71635336,1,0.0,0.51974905,175.46,177.02085207438438,169.27969999999996,0.5144726350000001,0.43788853499999997,0.047638874500000004
2023-10-20,0.0,0.5938159,0.459143,0.7102627,1,0.0,0.5938159,172.88,176.1006627245212,169.51229999999998,0.61755616,0.3644208,0.018022989
2023-10-23,0.0,0.5296168,0.46717763,0.7173748,1,0.0,0.5296168,173.0,175.41162656351648,169.75220000000002,0.3797000266,0.2638531392,0.3564468242
2023-10-24,0.0,0.46122488,0.46679792,0.71553624,0,0.0,0.5387751,173.44,174.9734873271795,169.9713,0.6671483425,0.1858320505,0.14701960074999998
2023-10-25,1.0,0.48702362,0.4688403,0.71527714,0,0.0,0.5129764,171.1,174.11271236558406,170.17605,0.43978412320000004,0.35301502840000004,0.2072008278
2023-10-26,1.0,0.4445461,0.46958193,0.7156656,0,0.0,0.5554539,166.89,172.50766517323203,170.35685,0.74600816,0.040835373,0.21315649
2023-10-27,1.0,0.43118668,0.47023052,0.7158839,0,0.0,0.5688133,168.22,171.55485069029157,170.53050000000002,0.39430682833333336,0.32667802933333334,0.27901517016666666
2023-10-30,1.0,0.41756243,0.47830534,0.7190728,0,0.0,0.5824376,170.29,171.27377275911567,170.71489999999997,0.461035611,0.2498205975,0.28914381
2023-10-31,1.0,0.5396637,0.4720874,0.71201634,1,0.0,0.5396637,170.77,171.16182325708996,170.89495,0.5776713680000001,0.053566291200000005,0.3687623514
2023-11-01,1.0,0.43833297,0.4728674,0.7145188,0,0.0,0.561667,173.97,171.7858625332922,171.0851,0.4488367725,0.29457645925,0.2565868135
2023-11-02,1.0,0.47129902,0.47337776,0.71339744,0,0.0,0.52870095,177.57,173.0712264147828,171.29690000000002,0.3566645141428571,0.4568271657142858,0.18650831385714287
2023-11-03,1.0,0.4331476,0.4763233,0.7136675,0,0.0,0.5668524,176.65,173.86650943371995,171.5038,0.6232798893333333,0.04459395533333333,0.332126179
2023-11-06,1.0,0.5050358,0.47426715,0.7142673,1,0.0,0.5050358,179.23,175.05839622622662,171.7106,0.3390991,0.6477364,0.013164614
2023-11-07,1.0,0.5526726,0.47290242,0.7111695,1,0.0,0.5526726,181.82,176.5609748426207,171.91415,0.1868178815,0.24195047649999998,0.57123169
2023-11-08,1.0,0.45710316,0.47831768,0.7085309,0,0.0,0.54289687,182.89,177.96742487759388,172.11594999999997,0.765066,0.1824709,0.052463055
2023-11-09,1.0,0.4402962,0.47869575,0.71438354,0,0.0,0.5597038,182.41,178.95466379368412,172.31870000000004,0.020618396,0.016011238,0.9633703
2023-11-10,1.0,0.44472378,0.4789688,0.71453065,0,0.0,0.5552762,186.4,180.6091829506432,172.5309,0.429360945,0.0465212365,0.52411777
2023-11-13,1.0,0.42118862,0.4772695,0.7172234,0,0.0,0.5788114,184.8,181.54047562827805,172.72525,0.22216487,0.76636505,0.011470069
2023-11-14,1.0,0.47978526,0.47300237,0.7149702,0,0.0,0.52021474,187.44,182.85148104421623,172.94745,0.3740122436,0.56732483,0.058662954
2023-11-15,1.0,0.58854616,0.4651696,0.7085236,1,0.0,0.58854616,188.01,183.997818589946,173.16605000000004,0.75190588,0.11337827,0.134715845
2023-11-16,1.0,0.55393517,0.46518615,0.70931023,1,0.0,0.55393517,189.71,185.26719223662465,173.38745000000003,0.470680325,0.3850517825,0.144267923
2023-11-17,1.0,0.45675883,0.47653225,0.7146764,0,0.0,0.54324114,189.69,186.25003840626363,173.58180000000002,0.24338852,0.024033600500000002,0.7325779
2023-11-20,0.0,0.5301722,0.46278563,0.711353,1,0.0,0.5301722,191.45,187.40558542709397,173.76655000000002,0.22024484,0.02577499,0.7539803
2023-11-21,0.0,0.44955143,0.47308484,0.71408117,0,0.0,0.55044854,190.64,188.12434422107304,173.96110000000002,0.027436014,0.014643496,0.95792043
2023-11-22,0.0,0.5735267,0.45922792,0.71145105,1,0.0,0.5735267,191.31,188.8322677275013,174.1444,0.3665027954,0.355025778,0.2784713802
2023-11-24,1.0,0.50418085,0.4651891,0.709822,1,0.0,0.50418085,189.97,189.08509712138988,174.33465,0.08804842,0.86933833,0.042613283
2023-11-27,0.0,0.61521554,0.45994845,0.70628256,1,1.0,0.61521554,189.79,189.24174220552547,174.52925,0.7143093,0.27509072,0.010600065
2023-11-28,1.0,0.59876686,0.46428928,0.71413827,1,0.0,0.59876686,190.4,189.4991328265198,174.72620000000003,0.5182948766666666,0.425920515,0.05578459066666667
2023-11-29,1.0,0.6289229,0.4631577,0.71095634,1,1.0,0.6289229,189.37,189.47043664284877,174.90379999999996,0.7349808,0.052039236,0.21297993
2023-11-30,1.0,0.54362196,0.46941948,0.70786405,1,0.0,0.54362196,189.95,189.57700627777123,175.08755000000002,0.4112413,0.580795,0.007963685
2023-12-01,1.0,0.5928069,0.45598036,0.70989347,1,0.0,0.5928069,191.24,189.9465604382665,175.2671,0.4338788225,0.210943462,0.35517774675
2023-12-04,1.0,0.5739643,0.4669811,0.7166724,1,0.0,0.5739643,189.43,189.83176922976284,175.4457,0.24339487333333332,0.4302386788333333,0.3263664513333333
2023-12-05,1.0,0.5737902,0.4631584,0.7129656,1,0.0,0.5737902,193.42,190.6291538453711,175.65004999999996,0.514037074,0.404973275,0.08098964
2023-12-06,1.0,0.65138876,0.46214452,0.7169049,1,1.0,0.65138876,192.32,191.00489743528863,175.86925,0.3506349725,0.35140245324999997,0.29796254975
2023-12-07,1.0,0.5487306,0.46604294,0.71306443,1,0.0,0.5487306,194.27,191.73047578300228,176.09605,0.83045447,0.034387287,0.13515823
2023-12-08,1.0,0.6302937,0.46962005,0.70851755,1,1.0,0.6302937,195.71,192.61481449789065,176.32760000000002,0.7031983500000001,0.09696003800000001,0.19984163976666666
2023-12-11,1.0,0.56204,0.46225423,0.7145845,1,0.0,0.56204,193.18,192.7404112761372,176.55995,0.7031983500000001,0.09696003800000001,0.19984163976666666
2023-12-12,1.0,0.47361428,0.47181547,0.7145735,0,0.0,0.5263857,194.71,193.1780976592178,176.7939,0.6339799,0.34605077,0.019969314
2023-12-13,0.0,0.54441535,0.4680281,0.7073976,1,0.0,0.54441535,197.96,194.24074262383607,177.04665,0.5476070814285715,0.15950082978571428,0.2928920872857143
2023-12-14,0.0,0.6564151,0.46320438,0.7100617,1,1.0,0.6564151,198.11,195.10057759631692,177.31064999999998,0.514261385,0.41689301,0.0688455695
2023-12-15,0.0,0.61535776,0.46155667,0.7123051,1,1.0,0.61535776,197.57,195.64933813046875,177.56895,0.5692844,0.33439228,0.096323326
2023-12-18,0.0,0.46544668,0.47568658,0.7224436,0,0.0,0.5345533,195.89,195.7028185459201,177.79325,0.085906121,0.0226996055,0.89139425
2023-12-19,0.0,0.55615634,0.46334985,0.7104793,1,0.0,0.55615634,196.94,195.9777477579379,178.0088,0.8121074425,0.12070935700000002,0.0671831855
2023-12-20,0.0,0.48838362,0.47527394,0.7168245,0,0.0,0.51161635,194.83,195.72269270061835,178.22495000000004,0.3681352,0.6203912,0.011473588
2023-12-21,0.0,0.4440626,0.47674772,0.71353906,0,0.0,0.5559374,194.68,195.49098321159207,178.43399999999997,0.3681352,0.6203912,0.011473588
2023-12-22,0.0,0.4404094,0.47555178,0.7128159,0,0.0,0.5595906,193.6,195.0707647201272,178.64905000000002,0.36801445,0.62303174,0.008953741
2023-12-26,0.0,0.48481363,0.4748364,0.71604705,0,0.0,0.51518637,193.05,194.62170589343225,178.8718,0.19501387,0.01983544433333333,0.7851507166666667
2023-12-27,0.0,0.5934188,0.47528446,0.7086165,1,0.0,0.5934188,193.15,194.2946601393362,179.0852,0.87357175,0.0480884835,0.07833978899999999
2023-12-28,0.0,0.49901265,0.47498825,0.70899105,0,0.0,0.50098735,193.58,194.13584677503928,179.29014999999998,0.5238064,0.09498662,0.38120696
2023-12-29,0.0,0.4961646,0.47903392,0.7073691,0,0.0,0.50383544,192.53,193.7789919361417,179.48785,0.055539314,0.9317654,0.012695323
2024-01-02,0.0,0.49556598,0.4789904,0.7064575,0,0.0,0.504434,185.64,191.97032706144356,179.6368,0.42540259599999997,0.3674415186,0.20715588980000002
2024-01-03,1.0,0.5484553,0.47993982,0.70773596,1,0.0,0.5484553,184.25,190.2546988255672,179.78305,0.531427815,0.443921679,0.024650437499999997
2024-01-04,1.0,0.5632761,0.4804647,0.7072005,1,0.0,0.5632761,181.91,188.4003213087745,179.90560000000002,0.06261680066666668,0.309242974,0.6281402066666666
2024-01-05,1.0,0.5681906,0.4820689,0.7086606,1,0.0,0.5681906,181.18,186.79580546238012,180.01510000000002,0.679140512,0.24757575680000002,0.0732837506
2024-01-08,0.0,0.536592,0.47425044,0.70687467,1,0.0,0.536592,185.56,186.5211820262957,180.15375,0.5372955804,0.24827297748000002,0.21443146600000002
2024-01-09,0.0,0.41961223,0.49344003,0.7103009,0,0.0,0.5803878,185.14,186.2142526871189,180.2848,0.366631465,0.034594123500000004,0.598774405
2024-01-10,1.0,0.44963157,0.4867765,0.7088647,0,0.0,0.5503684,186.19,186.20886320109244,180.4145,0.24533477766666667,0.09999859633333334,0.6546666499999999
2024-01-11,1.0,0.44387054,0.48375094,0.711141,0,0.0,0.55612946,185.59,186.0713380452941,180.55105,0.38207976475,0.19920986075,0.41871036500000003
2024-01-12,1.0,0.45293128,0.48654783,0.7108891,0,0.0,0.5470687,185.92,186.03770736856208,180.6924,0.1745656865,0.37606083675,0.4493734795
2024-01-16,1.0,0.43911293,0.4866804,0.7149065,0,0.0,0.5608871,183.63,185.5026612866594,180.8067,0.45433779139999997,0.0810635728,0.4645986636
2024-01-17,1.0,0.54463863,0.48419836,0.7088807,1,0.0,0.54463863,182.68,184.8754032229573,180.90830000000005,0.28894827333333334,0.328945811,0.38210586966666665
2024-01-18,1.0,0.5956046,0.47963077,0.70484823,1,0.0,0.5956046,188.63,185.70975806230007,181.02695,0.31775742999999995,0.6616991466666667,0.020543408
2024-01-19,1.0,0.54257226,0.48625824,0.7058282,1,0.0,0.54257226,191.56,187.00981182623343,181.1539,0.42425884,0.555093285,0.02064789675
2024-01-22,0.0,0.5493075,0.47829384,0.70449233,1,0.0,0.5493075,193.89,188.53874253151488,181.2952,0.255160518,0.1355822555,0.60925725
2024-01-23,0.0,0.446644,0.48523283,0.7146849,0,0.0,0.553356,195.18,190.0145775245116,181.4523,0.673008025,0.26616519,0.06082675725
2024-01-24,0.0,0.5382549,0.47369725,0.7069948,1,0.0,0.5382549,194.5,191.0113380746201,181.6015,0.94262356,0.0381784,0.019198025
2024-01-25,0.0,0.45329282,0.4830488,0.7109471,0,0.0,0.54670715,194.17,191.7132629469268,181.7622,0.164016155,0.3817628235,0.45422105225
2024-01-26,0.0,0.42605487,0.48753023,0.711205,0,0.0,0.57394516,192.42,191.8703156253875,181.9203,0.9259169,0.032170006,0.041913046499999995
2024-01-29,0.0,0.4644101,0.48220456,0.71657306,0,0.0,0.53558993,191.73,191.83913437530137,182.07845,0.09828672,0.65516638,0.24654690099999998
2024-01-30,1.0,0.58326006,0.47691166,0.70823324,1,0.0,0.58326006,188.04,190.99488229190104,182.19085,0.024566723,0.008822245,0.966611
2024-01-31,1.0,0.57962674,0.47008443,0.71046394,1,0.0,0.57962674,184.4,189.52935289370083,182.2868,0.06854995550000001,0.448152496,0.483297566
2024-02-01,1.0,0.52197486,0.4709971,0.70948344,1,0.0,0.52197486,186.86,188.9361633617673,182.39495,0.46883638288888885,0.3020245922222222,0.22913902422222224
2024-02-02,1.0,0.6305064,0.47012055,0.7100833,1,1.0,0.6305064,185.85,188.25034928137455,182.49185,0.018618254,0.05182165,0.9295601
2024-02-05,0.0,0.554839,0.46646613,0.71398455,1,0.0,0.554839,187.68,188.12360499662464,182.5921,0.2823122103333333,0.06790212866666666,0.6497856746666667
2024-02-06,0.0,0.5334995,0.46811783,0.7164291,1,0.0,0.5334995,189.3,188.38502610848585,182.70535,0.42535450199999997,0.0363586985,0.5382868199999999
2024-02-07,0.0,0.5041387,0.46753576,0.71450347,1,0.0,0.5041387,189.41,188.61279808437789,182.8273,0.5717134500000001,0.10634995250000001,0.321936566
2024-02-08,0.0,0.46755004,0.4769382,0.71247566,0,0.0,0.53244996,188.32,188.54773184340505,182.94225,0.45690919799999996,0.06340784575,0.4796829665
2024-02-09,0.0,0.5032628,0.47245225,0.7185017,1,0.0,0.5032628,188.85,188.61490254487055,183.06765000000004,0.45690919799999996,0.06340784575,0.4796829665
2024-02-12,0.0,0.47183526,0.47166875,0.7226205,0,0.0,0.52816474,187.15,188.28936864601044,183.1846,0.113230066,0.8684875700000001,0.01828235
2024-02-13,0.0,0.5770808,0.47277203,0.7114371,1,0.0,0.5770808,185.04,187.5672867246748,183.26775,0.5555883149999999,0.35151097,0.0929006965
2024-02-14,1.0,0.5668409,0.46793285,0.71284616,1,0.0,0.5668409,184.15,186.80788967474703,183.3401,0.67899082,0.059734287999999996,0.26127486075
2024-02-15,0.0,0.5765533,0.47521538,0.71126753,1,0.0,0.5765533,183.86,186.15280308035884,183.41145,0.5053738566666667,0.4695208066666667,0.025105359666666664
2024-02-16,0.0,0.5876198,0.47532964,0.7114246,1,0.0,0.5876198,182.31,185.29884684027908,183.4803,0.85867235,0.122196323,0.0191313155
2024-02-20,1.0,0.5438359,0.46648252,0.71556413,1,0.0,0.5438359,181.56,184.46799198688373,183.55085000000005,0.8763134133333333,0.07191581733333334,0.05177072800000001
2024-02-21,0.0,0.4801787,0.4707416,0.7149769,0,0.0,0.5198213,182.32,183.9906604342429,183.63350000000003,0.4323300033333333,0.35718339233333335,0.21048662066666665
2024-02-22,0.0,0.52994394,0.47045484,0.7149629,1,0.0,0.52994394,184.37,184.07495811552224,183.6875,0.038682774,0.93434703,0.026970178
2024-02-23,0.0,0.44416723,0.4749413,0.7156028,0,0.0,0.55583274,182.52,183.72941186762844,183.7326,0.9215228,0.0639122,0.01456507
2024-02-26,0.0,0.6030656,0.4694208,0.712075,1,1.0,0.6030656,181.16,183.1584314525999,183.77955,0.87621778,0.111040677,0.012741533499999999
2024-02-27,0.0,0.5478755,0.46865335,0.7143897,1,0.0,0.5478755,182.63,183.04100224091104,183.824925,0.487605275,0.0471978005,0.465196886
2024-02-28,0.0,0.5170943,0.47546926,0.71118814,1,0.0,0.5170943,181.42,182.68077952070857,183.863275,0.22565658249999998,0.25616525825,0.5181781445
2024-02-29,0.0,0.56732136,0.46114147,0.71038556,1,0.0,0.56732136,180.75,182.2517174049956,183.904175,0.09153368533333334,0.33677614166666664,0.5716901053333333
2024-03-01,0.0,0.60925996,0.472249,0.71278834,1,1.0,0.60925996,179.66,181.67578020388544,183.942125,0.13958949,0.07217599,0.7882345
2024-03-04,0.0,0.56653774,0.47597283,0.7204324,1,0.0,0.56653774,175.1,180.2144957141331,183.957275,0.24628722875,0.27199053025000003,0.4817222015
2024-03-05,1.0,0.5378473,0.4730163,0.7136579,1,0.0,0.5378473,170.12,177.97127444432576,183.944425,0.0543650115,0.04429774633333333,0.9013372199999999
2024-03-06,1.0,0.58911,0.47098213,0.711755,1,0.0,0.58911,169.12,176.00432456780894,183.914775,0.6282247466666666,0.06703054866666668,0.30474472366666666
2024-03-07,1.0,0.45167473,0.4731289,0.71724063,0,0.0,0.5483253,169.0,174.44780799718473,183.883975,0.5843281813333333,0.11034067200000001,0.3053311463333333
2024-03-08,1.0,0.49067044,0.4776858,0.7142291,0,0.0,0.50932956,170.73,173.62162844225475,183.866625,0.42522699999999997,0.06390666,0.510866395
2024-03-11,1.0,0.42830366,0.47953558,0.72002023,0,0.0,0.57169634,172.75,173.42793323286483,183.872575,0.44310323025000004,0.06960240175,0.48729433224999996
2024-03-12,1.0,0.46591452,0.4781246,0.7174184,0,0.0,0.5340855,173.23,173.38394807000597,183.879525,0.48101126666666666,0.51087038,0.008118366866666666
2024-03-13,1.0,0.45807818,0.48104066,0.7152638,0,0.0,0.54192185,171.13,172.88307072111576,183.870225,0.493473925,0.2918191445,0.21470692949999998
2024-03-14,0.0,0.4540831,0.48166287,0.71564174,0,0.0,0.5459169,173.0,172.90905500531227,183.858075,0.5385804000000001,0.097086531,0.364333053
2024-03-15,0.0,0.42365837,0.48577183,0.71743983,0,0.0,0.5763416,172.62,172.84482055968732,183.834675,0.241194096,0.485303826,0.2735020695
2024-03-18,0.0,0.41866916,0.48197317,0.72149384,0,0.0,0.58133084,173.72,173.0393048797568,183.817025,0.9112201,0.07396151,0.014818474
2024-03-19,0.0,0.42963108,0.48009238,0.71542704,0,0.0,0.5703689,176.08,173.7150149064775,183.79697500000003,0.9112201,0.07396151,0.014818474
2024-03-20,0.0,0.5106457,0.47297052,0.7075597,1,0.0,0.5106457,178.67,174.81612270503803,183.785575,0.21779327,0.38203526566666673,0.4001714826666667
2024-03-21,1.0,0.44484833,0.48186198,0.7155609,0,0.0,0.5551517,171.37,174.05031765947405,183.744525,0.6321352075,0.06047918975,0.307385583
2024-03-22,0.0,0.44352272,0.4753458,0.71736115,0,0.0,0.5564773,172.28,173.65691373514647,183.70987500000004,0.5839949833333334,0.090184055,0.3258209834333333
2024-03-25,0.0,0.4452167,0.4774621,0.721356,0,0.0,0.55478334,170.85,173.03315512733613,183.67502500000003,0.47488053866666663,0.21940631066666663,0.3057131126666666
2024-03-26,0.0,0.5106931,0.47220773,0.7148175,1,0.0,0.5106931,169.71,172.29467621015033,183.620725,0.5841973316666667,0.3905143566666667,0.0252883189
2024-03-27,0.0,0.522677,0.46794236,0.7101032,1,0.0,0.522677,173.31,172.5203037190058,183.582475,0.044343993,0.012337298,0.9433187
2024-03-28,0.0,0.45382077,0.4748865,0.7188654,0,0.0,0.54617923,171.48,172.28912511478228,183.52092500000003,0.7886771,0.1990505,0.012272379
2024-04-01,0.0,0.46145034,0.4746352,0.71754956,0,0.0,0.53854966,170.03,171.78709731149732,183.454525,0.027585105,0.01400659025,0.95840835
2024-04-02,1.0,0.4775511,0.47271502,0.7188907,0,0.0,0.5224489,168.84,171.13218679783125,183.378975,0.6649883,0.23366585,0.10134586025
2024-04-03,0.0,0.4675283,0.46944496,0.71585447,0,0.0,0.53247166,169.65,170.80281195386874,183.297175,0.478009792,0.504412915,0.017577285
2024-04-04,1.0,0.4884104,0.4696483,0.7187057,0,0.0,0.5115896,168.82,170.36218707523125,183.216675,0.13176847,0.016871208,0.8513603
2024-04-05,1.0,0.47591192,0.47179434,0.71685356,0,0.0,0.5240881,169.58,170.18836772517986,183.139525,0.034287933,0.0077433162,0.9579687
2024-04-08,1.0,0.5711775,0.4691908,0.7135487,1,0.0,0.5711775,168.45,169.802063786251,183.061975,0.19626886533333335,0.3252973993333333,0.4784337266666667
2024-04-09,0.0,0.58626527,0.46907505,0.7094803,1,0.0,0.58626527,169.67,169.77271627819522,182.975325,0.036349035,0.467410968,0.496240026
2024-04-10,1.0,0.5455281,0.46731204,0.71026695,1,0.0,0.5455281,167.78,169.3298904385963,182.880825,0.31147792,0.3371303273333333,0.35139169766666667
2024-04-11,0.0,0.5625669,0.46472657,0.7112979,1,0.0,0.5625669,175.04,170.59880367446377,182.82967500000004,0.302146291,0.47723709119999996,0.220616602
2024-04-12,0.0,0.58900964,0.4689215,0.70908815,1,0.0,0.58900964,176.55,171.92129174680517,182.772125,0.49641353233333335,0.07638825633333333,0.42719822
2024-04-15,0.0,0.52542573,0.46705902,0.71294856,1,0.0,0.52542573,172.69,172.09211580307067,182.689325,0.2257636085,0.498164096,0.276072353
2024-04-16,0.0,0.5567654,0.4634714,0.70974267,1,0.0,0.5567654,169.38,171.4894234023883,182.588275,0.289885445,0.3511959553333333,0.3589185936666666
2024-04-17,1.0,0.54303944,0.464219,0.7092902,1,0.0,0.54303944,168.0,170.71399597963534,182.458425,0.414122874,0.0840241235,0.50185305
2024-04-18,1.0,0.44166273,0.47172385,0.71922755,0,0.0,0.5583373,167.04,169.89755242860525,182.331325,0.36969454,0.5858624410000001,0.044443024733333336
2024-04-19,1.0,0.43922767,0.47587773,0.71921855,0,0.0,0.5607723,165.0,168.80920744447076,182.199675,0.259269325,0.18988033700000004,0.5508503143333333
2024-04-22,1.0,0.42142603,0.47336206,0.7208436,0,0.0,0.57857394,165.84,168.1493835679217,182.069825,0.4785844735,0.22830517375,0.29311035350000003
2024-04-23,1.0,0.4523983,0.4686573,0.71844167,0,0.0,0.5476017,166.9,167.8717427750502,181.950925,0.36613470649999996,0.2012644245,0.43260090250000005
2024-04-24,1.0,0.53431576,0.47032398,0.71039486,1,0.0,0.53431576,169.02,168.12691104726127,181.852975,0.016770052,0.008782656,0.97444737
2024-04-25,1.0,0.5124185,0.4699652,0.70981807,1,0.0,0.5124185,169.89,168.5187085923143,181.762025,0.049329139999999994,0.02610152165,0.9245693
2024-04-26,1.0,0.4825636,0.4724658,0.7140658,0,0.0,0.5174364,169.3,168.69232890513337,181.659675,0.44732186,0.1455857965,0.407092328
2024-04-29,1.0,0.5359589,0.47610635,0.71325123,1,0.0,0.5359589,173.5,169.76070025954817,181.574475,0.6397601866666667,0.33658447333333336,0.023655339666666664
2024-04-30,1.0,0.54898435,0.47338685,0.7097141,1,0.0,0.54898435,170.33,169.88721131298192,181.472675,0.32828326,0.18339457933333334,0.48832213
2024-05-01,1.0,0.59201264,0.46799383,0.7078088,1,0.0,0.59201264,169.3,169.75671991009705,181.349225,0.571040065,0.092013045,0.3369469135
2024-05-02,1.0,0.5805694,0.47086322,0.70748806,1,0.0,0.5805694,173.03,170.48411548563104,181.245725,0.3518427395714286,0.44071581685714284,0.20744144685714286
2024-05-03,0.0,0.53438956,0.48004887,0.70935214,1,0.0,0.53438956,183.38,173.34986759993524,181.187125,0.58528538,0.30771798,0.106996637375
2024-05-06,1.0,0.4176762,0.47607094,0.72041833,0,0.0,0.5823238,181.71,175.20767479994964,181.130025,0.438747255,0.54154587,0.01970686
2024-05-07,1.0,0.45062268,0.48003435,0.71790534,0,0.0,0.5493773,182.4,176.80596928884972,181.082325,0.61098532,0.3643139436666667,0.024700759333333332
2024-05-08,1.0,0.58144903,0.471386,0.70842564,1,0.0,0.58144903,182.74,178.12464278021645,181.032275,0.51003265,0.4641531,0.025814272
2024-05-09,1.0,0.43690854,0.47915676,0.7175751,0,0.0,0.56309146,184.57,179.5569443846128,180.987025,0.35582163333333333,0.40652514466666667,0.23765324233333338
2024-05-10,1.0,0.44434905,0.4757614,0.714435,0,0.0,0.55565095,183.05,180.33317896581,180.929775,0.35582163333333333,0.40652514466666667,0.23765324233333338
2024-05-13,1.0,0.39816248,0.4789169,0.7214598,0,-1.0,0.6018375,186.28,181.65469475118556,180.895075,0.49363662750000004,0.142094714,0.364268674125
2024-05-14,1.0,0.4389246,0.47427884,0.71763736,0,0.0,0.5610754,187.43,182.93809591758875,180.853075,0.25282756266666667,0.34183408033333335,0.4053383386666667
2024-05-15,1.0,0.5303864,0.46752486,0.7106587,1,0.0,0.5303864,189.72,184.44518571368013,180.819425,0.898432225,0.053435974750000004,0.048131766250000006
2024-05-16,0.0,0.53553003,0.46712068,0.70859766,1,0.0,0.53553003,189.84,185.64403333286236,180.7906,0.88208574,0.09680829,0.02110596
2024-05-17,1.0,0.53202814,0.46281677,0.7118611,1,0.0,0.53202814,189.87,186.5831370366707,180.77705,0.8335778,0.15393229,0.012489878
2024-05-20,0.0,0.43656847,0.47672865,0.72181016,0,0.0,0.5634315,191.04,187.57355102852165,180.7764,0.3270950635,0.19961986050000002,0.4732850425
2024-05-21,0.0,0.54447067,0.4631775,0.7092715,1,0.0,0.54447067,192.35,188.6349841332946,180.82820000000004,0.2373460865,0.379834807,0.38281911599999996
2024-05-22,1.0,0.4900828,0.47100988,0.7175531,0,0.0,0.5099172,190.9,189.13832099256248,180.88845,0.79420173,0.19767618,0.008122103
2024-05-23,1.0,0.5951064,0.4605074,0.7121995,1,0.0,0.5951064,186.88,188.63647188310412,180.92385,0.8033027,0.18727833,0.009418979
2024-05-24,1.0,0.62514126,0.46600106,0.7119489,1,1.0,0.62514126,189.98,188.9350336868588,180.9828,0.06430582,0.011694984,0.9239992
2024-05-28,1.0,0.57632595,0.47098964,0.71712863,1,0.0,0.57632595,189.99,189.16947064533463,181.0429,0.02285009,0.6225454,0.3546045
2024-05-29,1.0,0.57590663,0.46540144,0.7100206,1,0.0,0.57590663,190.29,189.4184771685936,181.1054,0.5352105424285715,0.27314450742857144,0.19164494814285712
2024-05-30,1.0,0.6346665,0.46551985,0.71455264,1,1.0,0.6346665,191.29,189.83437113112836,181.16455,0.5452690076666666,0.44155077000000004,0.013180246999999999
2024-05-31,1.0,0.6413152,0.46094272,0.7180195,1,1.0,0.6413152,192.25,190.3711775464332,181.23855,0.0918905,0.89789987,0.0102096265
2024-06-03,0.0,0.6636807,0.46467084,0.7143959,1,1.0,0.6636807,194.03,191.18424920278136,181.32585,0.0918905,0.89789987,0.0102096265
2024-06-04,1.0,0.5713556,0.460437,0.71409756,1,0.0,0.5713556,194.35,191.88774937994103,181.4276,0.32133191850000004,0.41152356975,0.26714449775
2024-06-05,1.0,0.56290215,0.46753585,0.7135991,1,0.0,0.56290215,195.87,192.7726939621764,181.5345,0.552096365,0.156947065,0.29095655
2024-06-06,1.0,0.5838193,0.46285075,0.7105236,1,0.0,0.5838193,194.48,193.15209530391496,181.6277,0.043503214,0.88689023,0.06960649
2024-06-07,1.0,0.4742041,0.4725468,0.71441144,0,0.0,0.52579594,196.89,193.98274079193385,181.726,0.043503214,0.88689023,0.06960649
2024-06-10,1.0,0.5506449,0.4676044,0.7094856,1,0.0,0.5506449,193.12,193.79102061594853,181.78600000000003,0.51016100375,0.17538559512500002,0.314453392125
2024-06-11,1.0,0.54436886,0.4713798,0.7060396,1,0.0,0.54436886,207.15,196.7596827012933,181.93985,0.3874379355,0.46297215075000003,0.149589912625
2024-06-12,0.0,0.5612834,0.4689455,0.7101164,1,0.0,0.5612834,213.07,200.38419765656147,182.11215,0.2764714721666667,0.7020620283333333,0.0214664955
2024-06-13,0.0,0.56947166,0.46647263,0.7053942,1,0.0,0.56947166,214.24,203.46326484399225,182.2824,0.9053126,0.059233538,0.0354538615
2024-06-14,0.0,0.5546416,0.46602824,0.7052658,1,0.0,0.5546416,212.49,205.46920598977172,182.42425,0.702353706,0.0859090576,0.2117372318
2024-06-17,0.0,0.41811344,0.48133057,0.72123665,0,0.0,0.58188653,216.67,207.95827132537804,182.56935,0.48600923925,0.45128224,0.0627085415
2024-06-18,0.0,0.40149382,0.48769718,0.71313745,0,0.0,0.5985062,214.29,209.3653221419607,182.70145,0.37623276333333333,0.3205740496666667,0.30319321388888887
2024-06-20,1.0,0.4362358,0.4816526,0.7116256,0,0.0,0.5637642,209.68,209.43525055485836,182.80255,0.45978347999999997,0.5163935,0.02382298
2024-06-21,1.0,0.46681762,0.4801446,0.7121068,0,0.0,0.5331824,207.49,209.0029726537787,182.8915,0.136525895,0.334448344,0.52902576
2024-06-24,1.0,0.4690396,0.478332,0.7121348,0,0.0,0.53096044,208.14,208.81120095293895,183.01765,0.419611146,0.19971146220000002,0.38067740619999996
2024-06-25,1.0,0.39792222,0.48500356,0.7139087,0,-1.0,0.6020778,209.07,208.86871185228583,183.1752,0.453805315,0.4363555635,0.10983915
2024-06-26,1.0,0.40574643,0.48681623,0.71148443,0,0.0,0.59425354,213.25,209.8423314406668,183.35055,0.3967153033333333,0.5734256666666667,0.029859078666666667
2024-06-27,1.0,0.41806775,0.48007676,0.7137355,0,0.0,0.58193225,214.1,210.7884800094075,183.52425,0.374325981,0.614714965,0.0109590265
2024-06-28,1.0,0.43306467,0.476682,0.71396327,0,0.0,0.5669353,210.62,210.75104000731693,183.69585,0.07980738166666668,0.6232876253333334,0.296904992
2024-07-01,1.0,0.39231712,0.48799542,0.7179015,0,-1.0,0.6076829,216.75,212.0841422279132,183.90855,0.043204736,0.471463647,0.4853316155
2024-07-02,1.0,0.44377822,0.47931573,0.7107388,0,0.0,0.5562218,220.27,213.90322173282132,184.13120000000004,0.93856984,0.022981688,0.038448475
2024-07-03,1.0,0.41457123,0.48322442,0.7129472,0,0.0,0.5854288,221.55,215.6025057921944,184.3639,0.35130748,0.027181786,0.6215108
2024-07-05,1.0,0.51189655,0.47815537,0.70164186,1,0.0,0.51189655,226.34,217.9886156161512,184.60575,0.35130748,0.027181786,0.6215108
2024-07-08,1.0,0.45017877,0.47820565,0.7109489,0,0.0,0.54982126,227.82,220.17336770145093,184.8495,0.40593880250000003,0.4834791625,0.11058201425
2024-07-09,1.0,0.45161405,0.48126274,0.7107001,0,0.0,0.548386,228.68,222.06373043446183,185.11545,0.247976824,0.72389306,0.02813013675
2024-07-10,0.0,0.5120109,0.47931343,0.7098572,1,0.0,0.5120109,232.98,224.4895681156925,185.4107,0.13455487033333333,0.6876953681666667,0.17774974183333334
2024-07-11,0.0,0.58476466,0.48170245,0.7034288,1,0.0,0.58476466,227.57,225.17410853442752,185.6746,0.352692428,0.203694087,0.443613447
2024-07-12,0.0,0.47577566,0.48579624,0.7109122,0,0.0,0.52422434,230.54,226.3665288601103,185.9469,0.27266997066666665,0.08386527666666667,0.6434647666666667
2024-07-15,0.0,0.39539668,0.4893644,0.7142057,0,-1.0,0.6046033,234.4,228.1517446689747,186.2591,0.43140728566666664,0.5411145133333334,0.0274782215
2024-07-16,0.0,0.54870397,0.47397336,0.7043303,1,0.0,0.54870397,234.82,229.6335791869803,186.58105,0.9016991,0.068810895,0.02949002
2024-07-17,0.0,0.46365544,0.47958493,0.71082,0,0.0,0.5363445,228.88,229.46611714542917,186.872,0.08766429,0.9036888,0.00864694
2024-07-18,0.0,0.4467477,0.48655662,0.7123665,0,0.0,0.55325234,224.18,228.2914244464449,187.13685,0.91673994,0.0709772,0.012282829
2024-07-19,0.0,0.58421755,0.4734437,0.7036264,1,0.0,0.58421755,224.31,227.40666345834603,187.38965,0.91673994,0.0709772,0.012282829
2024-07-22,0.0,0.39601767,0.4888411,0.714512,0,-1.0,0.6039823,223.96,226.64073824538025,187.64745,0.15970504,0.019202987,0.8210919
2024-07-23,0.0,0.60820174,0.47616178,0.7087935,1,1.0,0.60820174,225.01,226.27835196862907,187.90420000000003,0.6518927333333334,0.26379552666666667,0.08431174733333334
2024-07-24,1.0,0.48660225,0.471658,0.7140923,0,0.0,0.51339775,218.54,224.5587181978226,188.12235,0.35844822925,0.41271660875,0.22883517925000002
2024-07-25,1.0,0.48161697,0.4758535,0.7163782,0,0.0,0.518383,217.49,222.9878919316398,188.32235,0.37937365999999995,0.18121266699999997,0.439413711
2024-07-26,1.0,0.63009244,0.47180066,0.7089079,1,1.0,0.63009244,217.96,221.8705826134976,188.5172,0.5850804986666667,0.078613126,0.336306335
2024-07-29,0.0,0.5847179,0.4748296,0.7152358,1,0.0,0.5847179,218.24,221.06378647716485,188.71645,0.3547899686666667,0.077624106,0.5675859056666667
2024-07-30,0.0,0.5998127,0.47926655,0.71191895,1,0.0,0.5998127,218.8,220.56072281557263,188.91145,0.9060017533333333,0.07838361833333334,0.015614635333333335
2024-07-31,0.0,0.4343287,0.48173258,0.7167187,0,0.0,0.5656713,222.08,220.8983399676676,189.1183,0.761783,0.20294791,0.035269152
2024-08-01,0.0,0.5303306,0.4829121,0.7093353,1,0.0,0.5303306,218.36,220.33426441929703,189.31585,0.37603962728571433,0.1648918312857143,0.45906856399999996
2024-08-02,0.0,0.5793808,0.48443285,0.7084901,1,0.0,0.5793808,219.86,220.22887232611996,189.52155,0.36295442499999997,0.5339283349999999,0.10311724500000001
2024-08-05,1.0,0.5262528,0.48709467,0.7151756,1,0.0,0.5262528,209.27,217.79356736475995,189.68215,0.93292904,0.04331657,0.023754355
2024-08-06,1.0,0.5796424,0.4876262,0.7110279,1,0.0,0.5796424,207.23,215.44610795036888,189.8391,0.220711123,0.0378609615,0.74142792
2024-08-07,1.0,0.59481436,0.48303312,0.7080851,1,0.0,0.59481436,209.82,214.19586173917577,190.0109,0.220711123,0.0378609615,0.74142792
2024-08-08,1.0,0.47470522,0.49146593,0.7112065,0,0.0,0.5252948,213.31,213.9990035749145,190.21305,0.8283817,0.13747709,0.03414118125
2024-08-09,1.0,0.43948084,0.49103177,0.71027416,0,0.0,0.56051916,216.24,214.49700278048903,190.42925,0.106721394,0.8626474,0.030631077
2024-08-12,1.0,0.43320897,0.4856884,0.7193259,0,0.0,0.56679106,217.53,215.1710021626026,190.6497,0.487396085,0.49668259,0.015921265
2024-08-13,1.0,0.46804303,0.48176163,0.7149977,0,0.0,0.531957,221.27,216.5263350153576,190.90055,0.60272856,0.089357867,0.30791353666666665
2024-08-14,1.0,0.48022717,0.48106912,0.71323603,0,0.0,0.5197728,221.72,217.68048278972256,191.1747,0.7417555211111111,0.213033621,0.04521086044444444
2024-08-15,0.0,0.6214446,0.47841594,0.70857555,1,1.0,0.6214446,224.72,219.244819947562,191.4572,0.12371187,0.84502477,0.03126332
2024-08-16,1.0,0.5752107,0.4714286,0.70779574,1,0.0,0.5752107,226.05,220.75708218143708,191.736,0.12371187,0.84502477,0.03126332
2024-08-19,1.0,0.5093556,0.48137897,0.7113924,1,0.0,0.5093556,225.89,221.8977305855622,192.0116,0.8316774,0.15302116,0.015301505
2024-08-20,1.0,0.6122866,0.47757855,0.7115304,1,1.0,0.6122866,226.51,222.92267934432616,192.2743,0.8117406,0.17916496,0.009094506
2024-08-21,1.0,0.6181623,0.47856817,0.71202195,1,1.0,0.6181623,226.4,223.69541726780923,192.51845,0.38210058,0.019149212,0.598750175
2024-08-22,1.0,0.5925019,0.46909416,0.70786047,1,0.0,0.5925019,224.53,223.88088009718496,192.75785,0.41997185,0.385653795,0.1943743543333333
2024-08-23,1.0,0.5865983,0.4691991,0.70710015,1,0.0,0.5865983,226.84,224.53846229781053,192.9959,0.6322536750000001,0.34059132,0.0271549625
2024-08-26,0.0,0.5813319,0.4776065,0.7167748,1,0.0,0.5813319,227.18,225.12547067607483,193.2227,0.915617855,0.035829535,0.048552588
2024-08-27,0.0,0.6110298,0.47751147,0.71362793,1,1.0,0.6110298,228.03,225.77092163694712,193.4484,0.56225319,0.42880170666666667,0.008945065166666667
2024-08-28,0.0,0.6000891,0.47593904,0.7133835,1,1.0,0.6000891,226.49,225.93071682873665,193.6688,0.15535110333333332,0.31538857866666664,0.5292603473333334
2024-08-29,0.0,0.5703888,0.46652082,0.7137818,1,0.0,0.5703888,229.79,226.7883353112396,193.88575,0.7978064233333333,0.17043793233333335,0.03175567866666667
2024-08-30,0.0,0.6241516,0.46088478,0.7110192,1,1.0,0.6241516,229.0,227.2798163531864,194.10675,0.39269036,0.047416948,0.5598926
2024-09-03,0.0,0.63167375,0.46948713,0.7215606,1,1.0,0.63167375,222.77,226.2776349413672,194.2834,0.87743682,0.1062731175,0.01629006
2024-09-04,1.0,0.61266494,0.46434212,0.71438015,1,1.0,0.61266494,220.85,225.0714938432856,194.4476,0.3379594123333334,0.39166576,0.27037480183333334
2024-09-05,1.0,0.60908353,0.46035737,0.71245253,1,1.0,0.60908353,222.38,224.47338410033325,194.61095,0.065717,0.018472793,0.9158103
2024-09-06,1.0,0.68692994,0.4569332,0.71467173,1,1.0,0.68692994,220.82,223.66152096692585,194.7666,0.77502793,0.1958115,0.029160554
2024-09-09,0.0,0.59174615,0.46739545,0.71502256,1,0.0,0.59174615,220.91,223.05007186316456,194.9139,0.5673751583333333,0.4119985993333333,0.0206262
2024-09-10,0.0,0.6730142,0.46268135,0.7179832,1,1.0,0.6730142,220.11,222.3967225602391,195.06125,0.5275120416666667,0.20305656400000002,0.26943137866666667
2024-09-11,0.0,0.5924466,0.46448076,0.7122392,1,0.0,0.5924466,222.66,222.45522865796372,195.218,0.5275120416666667,0.20305656400000002,0.26943137866666667
2024-09-12,1.0,0.68052655,0.46620104,0.71347594,1,1.0,0.68052655,222.77,222.5251778450829,195.382,0.093642466,0.892898,0.013459605
2024-09-13,1.0,0.6727319,0.46398196,0.7157763,1,1.0,0.6727319,222.5,222.5195827683978,195.54555,0.73569983,0.2267991,0.037500996
2024-09-16,1.0,0.4636748,0.47006238,0.72033477,0,0.0,0.5363252,216.32,221.14189770875385,195.67515,0.2966926988,0.2651533504,0.4381539341
2024-09-17,1.0,0.5994017,0.46740082,0.7142127,1,0.0,0.5994017,216.79,220.1748093290308,195.81225000000003,0.666578536,0.08475141475,0.248670047875
2024-09-18,1.0,0.6226714,0.47292787,0.71106225,1,1.0,0.6226714,220.69,220.2892961448017,195.96595,0.044208809,0.468428297,0.4873629135
2024-09-19,0.0,0.5943407,0.46463564,0.71055585,1,0.0,0.5943407,228.87,222.19611922373463,196.1541,0.39445576125000004,0.3225654865,0.28297875024999997
2024-09-20,0.0,0.62913054,0.47336936,0.7106452,1,1.0,0.62913054,228.2,223.53031495179363,196.34795,0.64904262,0.09065043066666667,0.260306947
2024-09-23,1.0,0.4870131,0.47228995,0.71806604,0,0.0,0.5129869,226.47,224.18357829583948,196.5132,0.2006941,0.49534893,0.30395698
2024-09-24,0.0,0.62928396,0.4744325,0.71354884,1,1.0,0.62928396,227.37,224.89167200787517,196.68845,0.2006941,0.49534893,0.30395698
2024-09-25,1.0,0.5139956,0.46540105,0.71333385,1,0.0,0.5139956,226.37,225.22018933945844,196.84895,0.283338934,0.113234044,0.60342701
2024-09-26,0.0,0.4491935,0.4799512,0.7111885,0,0.0,0.5508065,227.52,225.7312583751344,197.008,0.489756838,0.061455010000000004,0.4487881145
2024-09-27,0.0,0.47247955,0.4766942,0.71554136,0,0.0,0.5275204,227.79,226.18875651399335,197.18105,0.8999704,0.08981445,0.01021519
2024-09-30,0.0,0.5055668,0.467992,0.7116281,1,0.0,0.5055668,233.0,227.7023661775504,197.3725,0.074903786,0.89967436,0.025421776
2024-10-01,0.0,0.5715982,0.46781802,0.7060291,1,0.0,0.5715982,226.21,227.37072924920588,197.51375,0.40901263399999993,0.1995166838,0.3914706998
2024-10-02,1.0,0.6046917,0.4713106,0.7076289,1,1.0,0.6046917,226.78,227.2394560827157,197.6571,0.113105185,0.11567669450000001,0.771218125
2024-10-03,1.0,0.6139889,0.47525883,0.71055084,1,1.0,0.6139889,225.67,226.89068806433443,197.7976,0.8620893,0.019134996,0.1187757
2024-10-04,1.0,0.64221036,0.47477823,0.7120812,1,1.0,0.64221036,226.8,226.870535161149,197.95215,0.573691395,0.0245926695,0.40171591
2024-10-07,1.0,0.5229438,0.46692196,0.71325886,1,0.0,0.5229438,221.69,225.7193051253381,198.0759,0.368896265,0.0174079695,0.61369571
2024-10-08,1.0,0.48150402,0.479302,0.71529585,0,0.0,0.518496,225.77,225.7305706530408,198.2306,0.78906125,0.15283847,0.05810022
2024-10-09,1.0,0.64207715,0.46785206,0.7083179,1,1.0,0.64207715,229.54,226.5771105079206,198.40490000000003,0.48086800799999996,0.0412955,0.477836505
2024-10-10,1.0,0.6279761,0.4736658,0.7109489,1,1.0,0.6279761,229.04,227.12441928393824,198.5821,0.078161439,0.4462235985,0.47561504115
2024-10-11,1.0,0.66409016,0.47027594,0.71234053,1,1.0,0.66409016,227.55,227.2189927763964,198.75460000000004,0.50966735,0.397388927,0.09294374650000001
2024-10-14,1.0,0.556326,0.47912234,0.71723616,1,0.0,0.556326,231.3,228.12588327053052,198.94535,0.09140907599999999,0.48808755,0.42050343500000004
2024-10-15,1.0,0.65137017,0.46940956,0.71616936,1,1.0,0.65137017,233.85,229.39790921041265,199.1467,0.32421471500000004,0.6336083,0.042176952000000004
2024-10-16,0.0,0.64075273,0.4734437,0.7138516,1,1.0,0.64075273,231.78,229.92726271920984,199.34295,0.16917464333333332,0.190742533,0.6400828399999999
2024-10-17,0.0,0.60042834,0.46575153,0.710387,1,1.0,0.60042834,232.15,230.4212043371632,199.5755,0.8093205,0.02657734,0.1641021
2024-10-18,0.0,0.5855196,0.46703228,0.71200216,1,0.0,0.5855196,235.0,231.43871448446023,199.82925,0.3947129773333333,0.5652984766666668,0.03998856433333333
2024-10-21,0.0,0.5767678,0.46508408,0.714927,1,0.0,0.5767678,236.48,232.5590001545802,200.1021,0.046893867,0.93960033,0.013505864499999999
2024-10-22,0.0,0.48956132,0.4710186,0.71639836,0,0.0,0.5104387,235.86,233.2925556757846,200.3755,0.3107773045,0.0454494255,0.64377325
2024-10-23,0.0,0.63644624,0.46574873,0.7111161,1,1.0,0.63644624,230.76,232.72976552561025,200.6015,0.3872310764285714,0.2221352144285714,0.3906337102857143
2024-10-24,0.0,0.61783296,0.47427863,0.7119937,1,1.0,0.61783296,230.57,232.2498176310302,200.82865,0.49749803,0.47472141000000007,0.027780547000000003
2024-10-25,0.0,0.55178016,0.47282204,0.7096194,1,0.0,0.55178016,231.41,232.06319149080127,201.05475,0.27473086874999997,0.47135027825,0.25391881175000003
2024-10-28,0.0,0.57681453,0.46440646,0.7140938,1,0.0,0.57681453,233.4,232.360260048401,201.2938,0.585128052,0.161846936,0.25302499380000004
2024-10-29,0.0,0.6299149,0.46707016,0.7127342,1,1.0,0.6299149,233.67,232.65131337097856,201.53255,0.596486,0.37993381666666665,0.023580175999999998
2024-10-30,0.0,0.56876755,0.4698342,0.7147722,1,0.0,0.56876755,230.1,232.08435484409443,201.7649,0.38301860000000004,0.136799474,0.480181948
2024-10-31,1.0,0.5589615,0.47129077,0.7111779,1,0.0,0.5589615,225.91,230.71227598985124,201.98105,0.351795081625,0.467646169625,0.180558746125
2024-11-01,1.0,0.5786411,0.46749914,0.7091589,1,0.0,0.5786411,222.91,228.97843688099545,202.15245,0.4902074315,0.1821749215,0.32761767325
2024-11-04,1.0,0.58934337,0.47772747,0.7179903,1,0.0,0.58934337,222.01,227.4298953518853,202.30470000000005,0.2853666,0.7019187,0.012714678
2024-11-05,1.0,0.57799697,0.46747777,0.7131721,1,0.0,0.57799697,223.45,226.54547416257748,202.4525,0.6977531475000001,0.27802300750000003,0.024223865
2024-11-06,1.0,0.5708993,0.47593912,0.7130399,1,0.0,0.5708993,222.72,225.69536879311585,202.5902,0.45273521000000005,0.38736508000000003,0.15989974425
2024-11-07,1.0,0.45674968,0.4768254,0.7151207,0,0.0,0.5432503,227.48,226.09195350575675,202.75510000000003,0.022041494,0.9523369,0.02562168
2024-11-08,0.0,0.48963654,0.4800048,0.7121937,0,0.0,0.51036346,226.96,226.28485272669968,202.91905,0.14856605,0.84090257,0.010531334
2024-11-11,1.0,0.5345194,0.4731697,0.7129839,1,0.0,0.5345194,224.23,225.8282187874331,203.0781,0.14856605,0.84090257,0.010531334
2024-11-12,1.0,0.5846572,0.4782236,0.70985466,1,0.0,0.5846572,224.23,225.4730590568924,203.2406,0.246214447,0.322416695,0.43136887999999995
2024-11-13,1.0,0.4974377,0.47261629,0.71061665,0,0.0,0.5025623,225.12,225.3946014886941,203.426,0.466221046,0.048296806,0.48548209999999997
2024-11-14,1.0,0.5851601,0.4678742,0.70647657,1,0.0,0.5851601,228.22,226.02246782453983,203.6451,0.7722267435,0.193662982,0.034110281374999996
2024-11-15,1.0,0.56405556,0.47145224,0.70648783,1,0.0,0.56405556,225.0,225.79525275241988,203.8358,0.38739705,0.040970646,0.5716323
2024-11-18,1.0,0.5415308,0.47130522,0.7122183,1,0.0,0.5415308,228.02,226.28964102965992,204.04665,0.57472851,0.20117876,0.224092747
2024-11-19,1.0,0.5637701,0.4687362,0.7089673,1,0.0,0.5637701,228.28,226.7319430230688,204.24965,0.5499726685999999,0.21766908100000001,0.2323582472
2024-11-20,1.0,0.6050463,0.47455177,0.7090728,1,1.0,0.6050463,229.0,227.23595568460908,204.44815,0.0912204885,0.025241329,0.883538175
2024-11-21,1.0,0.6472223,0.47149983,0.7116601,1,1.0,0.6472223,228.52,227.52129886580707,204.6437,0.7513428866666666,0.2335477933333333,0.015109312333333333
2024-11-22,1.0,0.5911125,0.47770715,0.7127401,1,0.0,0.5911125,229.87,228.0432324511833,204.85145,0.088162936,0.013278748,0.8985583
2024-11-25,1.0,0.59983814,0.47781336,0.7182325,1,0.0,0.59983814,232.87,229.11584746203144,205.07155,0.38933669000000004,0.28493094025,0.32573239075
2024-11-26,1.0,0.61459583,0.47834232,0.7144958,1,1.0,0.61459583,235.06,230.43677024824663,205.3111,0.150078575,0.3991784115,0.4507430245
2024-11-27,1.0,0.6491553,0.4732328,0.71329784,1,1.0,0.6491553,234.93,231.43526574863628,205.56055,0.32427716333333334,0.34231292166666666,0.33340990583333335
2024-11-29,1.0,0.65681446,0.47161064,0.71523005,1,1.0,0.65681446,237.33,232.74520669338375,205.82645,0.32427716333333334,0.34231292166666666,0.33340990583333335
2024-12-02,1.0,0.67181057,0.4723067,0.71170175,1,1.0,0.67181057,239.59,234.26627187263185,206.1051,0.47002281999999995,0.0636590165,0.466318112
2024-12-03,1.0,0.44861686,0.48255378,0.71770155,0,0.0,0.55138314,242.65,236.1293225676025,206.4068,0.09791315249999999,0.431832985,0.4702538825
2024-12-04,1.0,0.6019078,0.46563008,0.7088528,1,1.0,0.6019078,243.01,237.65836199702417,206.71405,0.7081052050000001,0.1136209745,0.17827380275
2024-12-05,1.0,0.5770692,0.46692705,0.70845944,1,0.0,0.5770692,243.04,238.854281553241,207.01765,0.46489560999999996,0.277283811,0.2578205513333333
2024-12-06,1.0,0.5957541,0.464539,0.7069871,1,0.0,0.5957541,242.84,239.7399967636319,207.31,0.602739075,0.1855799575,0.2116809985
2024-12-09,1.0,0.6384139,0.46873033,0.71701974,1,1.0,0.6384139,246.75,241.29777526060255,207.63115,0.69847393,0.29391137,0.00761463
2024-12-10,1.0,0.63746023,0.46045512,0.70973074,1,1.0,0.63746023,247.77,242.73604742491312,207.9642,0.87325233,0.11787962,0.00886801
2024-12-11,1.0,0.6868821,0.46438515,0.71473396,1,1.0,0.6868821,246.49,243.57025910826576,208.2835,0.8300317939999999,0.1198534542,0.050114743399999995
2024-12-12,1.0,0.6291167,0.4689249,0.7125166,1,1.0,0.6291167,247.96,244.5457570842067,208.6162,0.5128410323333333,0.46777140333333334,0.019387558333333336
2024-12-13,1.0,0.68445677,0.46487805,0.7153148,1,1.0,0.68445677,248.13,245.34225550993852,208.9531,0.83135206,0.16068766,0.007960273
2024-12-16,1.0,0.6070248,0.466505,0.71669865,1,1.0,0.6070248,251.04,246.60842095217444,209.31,0.561455582,0.38160637166666667,0.05693808566666667
2024-12-17,1.0,0.69554377,0.46448168,0.7190623,1,1.0,0.69554377,253.48,248.1354385183579,209.7019,0.561455582,0.38160637166666667,0.05693808566666667
2024-12-18,1.0,0.7059957,0.46035576,0.7183113,1,1.0,0.7059957,248.05,248.11645218094503,210.09155,0.12818266566666667,0.25433431866666667,0.6174830206666667
2024-12-19,1.0,0.63628006,0.4638476,0.7144351,1,1.0,0.63628006,249.79,248.48835169629055,210.4949,0.55879254,0.32802818499999997,0.11317926249999999
2024-12-20,0.0,0.6952903,0.46483338,0.7174317,1,1.0,0.6952903,254.49,249.82205131933716,210.92235,0.55879254,0.32802818499999997,0.11317926249999999
2024-12-23,0.0,0.5993331,0.46093607,0.7181991,1,0.0,0.5993331,255.27,251.03270658170663,211.34505,0.445000385,0.43776189499999996,0.117237706
2024-12-24,0.0,0.6282193,0.45849842,0.715105,1,1.0,0.6282193,258.2,252.6254384524385,211.77230000000003,0.918913,0.05334218,0.027744852
2024-12-26,0.0,0.58498704,0.46056467,0.719428,1,0.0,0.58498704,259.02,254.0464521296744,212.20125,0.1167017525,0.45459863149999996,0.428699579
2024-12-27,0.0,0.5155524,0.465678,0.716065,1,0.0,0.5155524,255.59,254.38946276752452,212.62355,0.1167017525,0.45459863149999996,0.428699579
2024-12-30,0.0,0.47912076,0.4699148,0.71543664,0,0.0,0.52087927,252.2,253.9029154858524,213.01955,0.9156928,0.07408778,0.010219373
2024-12-31,0.0,0.5434328,0.4695937,0.7136844,1,0.0,0.5434328,250.42,253.1289342667741,213.40855,0.9156928,0.07408778,0.010219373
