Date,Actual,Predicted,Signal,Confidence,EMA_8,SMA_200,Sentiment_Positive,Sentiment_Neutral,Sentiment_Negative
2022-11-10,149.69999867017214,185.66404907338327,0.0,0.3679786565868125,142.2136195889817,155.7284,0.3648434253333333,0.43934955766666667,0.195807023
2022-11-11,148.27999755791757,184.46697278167517,0.0,0.36713598953117477,143.8772596803191,155.6808,0.10410281,0.014010031,0.8818872
2022-11-14,150.039999432768,183.19773320662418,0.0,0.38600582908394565,144.85564641802597,155.57055,0.6253770843333334,0.3206929236666667,0.053929935000000005
2022-11-15,148.79000310630863,184.61214060734034,0.0,0.3730200085675587,146.00772499179797,155.44684999999998,0.8828807,0.011392612,0.105726704
2022-11-16,150.7200009579597,183.70234765035144,0.0,0.38253819712829334,146.62600832695398,155.31775,0.4808301275,0.40516604549999996,0.11400385
2022-11-17,151.28999575922737,184.5105596867021,0.0,0.37820117675566833,147.53578425429754,155.19215,0.4808301275,0.40516604549999996,0.11400385
2022-11-18,148.01000187500017,183.74507567840988,0.0,0.3693756588711573,148.37005442000918,155.0841,0.229611225,0.73383145,0.0365573467
2022-11-21,150.18000078313037,184.24538252380282,0.0,0.3784138852233997,148.2900423266738,154.9622,0.229611225,0.73383145,0.0365573467
2022-11-22,151.06999992936835,185.3450489537915,0.0,0.37644906290971214,148.7100329207463,154.85479999999998,0.06910651,0.9032244,0.02766906
2022-11-23,148.11000158111693,184.99796575957848,0.0,0.36548101889417667,149.23447004946934,154.736,0.05944566933333334,0.9137625166666666,0.026791832166666668
2022-11-25,144.2200024423819,184.7481030337021,0.0,0.35045463873570354,148.9845878162539,154.59515,0.440851712,0.34367668533333334,0.21547162708333334
2022-11-28,141.17000259682652,182.475404462626,0.0,0.3500942645427916,147.92579052375305,154.45565,0.277426039875,0.58439523275,0.138178722875
2022-11-29,148.0299982926257,184.3592519918365,0.0,0.3678072929674789,146.42450374069682,154.3183,0.368252252,0.3291542495,0.3025934513333333
2022-11-30,148.3100009933504,183.39120955839437,0.0,0.3702266383015916,146.78128068720864,154.21405,0.5315114312,0.10291175960000001,0.365576812
2022-12-01,147.81000246276665,182.6733073341569,0.0,0.37054239744973694,147.12099609005116,154.09165000000002,0.47297944540000003,0.45488332859999997,0.0721372102
2022-12-02,146.6300024069912,184.43714993063057,0.0,0.3622853309817064,147.2741080700398,153.96795,0.47297944540000003,0.45488332859999997,0.0721372102
2022-12-05,142.90999924505684,183.81144264333972,0.0,0.3533642823048643,147.1309729433643,153.8567,0.3239491315,0.33713825875,0.338912607
2022-12-06,140.93999974916017,184.86128540016097,0.0,0.3407364909537917,146.19297895595,153.73475,0.39941737883333334,0.08127251316666667,0.5193100876666666
2022-12-07,142.6500017709522,183.99866460898033,0.0,0.34984053663851206,145.02565029907225,153.61785,0.43942325250000003,0.48582442600000003,0.074752373
2022-12-08,142.16000144918124,184.71813923874473,0.0,0.3434557221002822,144.49772801038952,153.53074999999998,0.40467909175,0.1209295575,0.47439134
2022-12-09,144.4899981252993,183.51606824712752,0.0,0.35799908158525506,143.97823289696962,153.42785,0.091465541,0.6200064033333333,0.2885280616666667
2022-12-12,145.46999876884126,183.8656487912951,0.0,0.3626902678203792,144.09195891986525,153.32605,0.0799907005,0.48908291625,0.430926358
2022-12-13,143.2099983634071,184.6125898660623,0.0,0.3509929928046537,144.3981902710063,153.2278,0.4174006,0.0122280285,0.570371415
2022-12-14,136.50000222678304,183.4857344743991,0.0,0.3277609770886606,144.13414798856047,153.12785,0.553709605,0.2400500435,0.20624034500000002
2022-12-15,134.50999750426627,183.94340578617638,0.0,0.31760662130645284,142.43767065776925,152.97755,0.553709605,0.2400500435,0.20624034500000002
2022-12-16,132.3700020315689,183.2203723226143,0.0,0.3130320535992482,140.6759660671539,152.81894999999997,0.59111035,0.1791063,0.2297834
2022-12-19,132.29999695189048,182.1316334503633,0.0,0.32012093734531516,138.83019583000856,152.66495,0.07974072,0.025713207,0.89454603
2022-12-20,135.4499965035626,183.96583348629736,0.0,0.32512422991942236,137.3790412011178,152.52995,0.6936241000000001,0.0246005495,0.28177534000000004
2022-12-21,132.23000068120655,183.2502788591071,0.0,0.31332778437010195,136.95036537864718,152.42,0.48651086,0.3789706355,0.134518534
2022-12-22,131.85999648317784,183.804078323897,0.0,0.3075290235986383,135.90139529450337,152.2664,0.28178363666666667,0.299513946,0.41870240200000003
2022-12-23,130.02999833764352,183.26191554090593,0.0,0.30344633516199515,135.0033074512804,152.1331,0.23108327,0.7369784,0.031938374
2022-12-27,126.03999949279178,183.99883638437404,0.0,0.28757159166012924,133.89812801766251,152.0096,0.47284859500000004,0.448536438,0.0786149165
2022-12-28,129.610003095551,183.87183270546825,0.0,0.3000219326368146,132.15187734707084,151.8867,0.32116901833333333,0.6556211706666667,0.02320977733333333
2022-12-29,129.92999863152676,184.20467175549604,0.0,0.2981958633567416,131.58701571438843,151.7593,0.096021367,0.046579577999999996,0.85739907
2022-12-30,125.06999705806257,182.76707908112775,0.0,0.2878035709584789,131.2187900000799,151.611,0.33388904,0.6011398,0.064971216
2023-01-03,126.3600038377621,183.39990403601394,0.0,0.2907667923616475,129.85239222228438,151.43325,0.214069017,0.40157448679999996,0.3843565188
2023-01-04,125.0199972050042,185.06087959864524,0.0,0.27784058895191865,129.07630506177674,151.24515,0.90652347,0.010043912,0.08343263
2023-01-05,129.62000130436377,184.41657211936482,0.0,0.29882360607436925,128.17490393693743,151.04335,0.0485107465,0.497360585,0.45412864449999996
2023-01-06,130.15000327038035,184.58127829493898,0.0,0.2998004596967104,128.4960363953958,150.84734999999998,0.05017598,0.44627446,0.5035495
2023-01-09,130.72999628046077,183.69134521616013,0.0,0.30965667499825816,128.86358386308564,150.64705,0.40937581333333334,0.4511189076666667,0.13950529133333334
2023-01-10,133.49000402547324,185.9282880783631,0.0,0.30800124676662516,129.27834300462217,150.43035,0.0385844,0.8276127,0.13380286
2023-01-11,133.41000073698203,186.29507258888424,0.0,0.30511453745354256,130.2142667813728,150.2242,0.3226176671666667,0.383452442,0.29392988999999997
2023-01-12,134.75999676955814,185.18753091776904,0.0,0.312280564576316,130.92442971884552,150.01325,0.448438665,0.014469187000000001,0.537092135
2023-01-13,135.9399968253336,183.71821264953363,0.0,0.32430611151290234,131.7767786702132,149.79225,0.15830575,0.67096996,0.17072429
2023-01-17,135.21000425607807,185.06989560456583,0.0,0.31773270801682624,132.70193896572138,149.5831,0.42772472,0.02251189,0.5497633749999999
2023-01-18,135.2700023179492,183.9073505714886,0.0,0.32079921962508917,133.25928586222776,149.3861,0.3950908638,0.352784212,0.2521249426
2023-01-19,137.87000348597923,184.65798261497173,0.0,0.3254179917136288,133.70611122617714,149.1909,0.042880673,0.021291265,0.93582815
2023-01-20,141.1099957259608,183.8527171872976,0.0,0.3437562044457924,134.63141984258223,148.98805000000002,0.078306064,0.8831845,0.038509473
2023-01-23,142.52999683821537,184.57999658623214,0.0,0.3481999513126365,136.0711043220084,148.8183,0.48118902,0.140333173875,0.378477806
2023-01-24,141.86000233083098,183.51118365965027,0.0,0.3476893929252596,137.5064144726732,148.6718,0.059302025,0.9017733,0.038924713
2023-01-25,143.95999615928272,185.6572925745644,0.0,0.34612076980240836,138.4738779231903,148.5204,0.059302025,0.9017733,0.038924713
2023-01-26,145.92999565517943,185.4630806717494,0.0,0.3530646685128905,139.69301616248134,148.38975,0.279659563,0.7004731,0.01986730575
2023-01-27,143.00000074236084,185.00746626019924,0.0,0.3438520861860625,141.07901257081883,148.29065,0.8893066199999999,0.019753443,0.090939982
2023-01-30,144.2899987130658,182.06773740840435,0.0,0.36578239742472696,141.50589866619242,148.16735,0.24211399133333333,0.6012306543333333,0.156655347
2023-01-31,145.42999712459567,185.08400320933555,0.0,0.35465480416711515,142.124587851483,148.0368,0.5640491,0.38229741700000003,0.0536534585
2023-02-01,150.82000066407647,183.93900128890203,0.0,0.3790022855866714,142.8591238844868,147.9375,0.62777585,0.033680685,0.33854344
2023-02-02,154.50000218176518,184.24627223225224,0.0,0.3918997728483073,144.62820746571194,147.86625,0.47244485575,0.317534101375,0.21002105375
2023-02-03,151.72999622793998,184.44168656282312,0.0,0.3804038449015015,146.82193913999816,147.80175,0.69459549175,0.025391498,0.28001299625
2023-02-06,154.65000174094033,182.68601871329065,0.0,0.40540890597152424,147.91261933110968,147.72424999999998,0.0638204765,0.5236668600000001,0.412512625
2023-02-07,151.91999743136068,185.64209265447064,0.0,0.37992297494389854,149.40981503530753,147.6654,0.0638204765,0.5236668600000001,0.412512625
2023-02-08,150.87000051713483,185.24633536087885,0.0,0.37499933814959496,149.9676339163503,147.61605,0.66370094,0.023709102,0.31258997
2023-02-09,151.01000186749718,184.6552694446507,0.0,0.3775476830768495,150.1681597127169,147.55599999999998,0.456492825,0.4859101345,0.057597123
2023-02-10,153.85000409200632,185.30960596422483,0.0,0.3850815346157736,150.35523533211315,147.52705,0.3616015,0.61630195,0.02209653
2023-02-13,153.1999971932529,185.0880113018552,0.0,0.3858552028009852,151.13184970275466,147.51345,0.3616015,0.61630195,0.02209653
2023-02-14,155.33000326613205,185.99048398437412,0.0,0.3894107673961094,151.59143865769806,147.46125,0.362558,0.02139227,0.6160496933333334
2023-02-15,153.71000274164396,184.49170843836788,0.0,0.38830691305829296,152.4222300670985,147.44965,0.5600653446666667,0.18323991475,0.256694733
2023-02-16,152.54999910349403,184.5057015262085,0.0,0.38225701271352586,152.70840116329884,147.4284,0.038632285,0.48427599,0.4770917095
2023-02-17,148.47999697015106,184.25835376827575,0.0,0.3691743370659382,152.673200904788,147.39375,0.038632285,0.48427599,0.4770917095
2023-02-21,148.90999923005091,183.48766804870255,0.0,0.3768335052309366,151.74137848150178,147.30605,0.40022576,0.5780559,0.021718284
2023-02-22,149.3999995518219,185.15810006698186,0.0,0.36809694802061727,151.11218326339028,147.26675,0.443633375,0.489074255,0.067292406
2023-02-23,146.7099968864879,184.8074007805066,0.0,0.3585135855284855,150.731698093748,147.22735,0.2358289,0.0073675658,0.75680345
2023-02-24,147.92000037769617,183.58952645266908,0.0,0.36964724465943505,149.83798740624846,147.2006,0.5545707983333333,0.3240999096666667,0.121329311
2023-02-27,147.41000363829966,183.09994015364188,0.0,0.37105539175240415,149.41176798263768,147.16764999999998,0.5545707983333333,0.3240999096666667,0.121329311
2023-02-28,145.3100010008534,184.30555236106767,0.0,0.35865926154417793,148.96693065316265,147.1722,0.30955193666666664,0.3247125686666667,0.3657354986666667
2023-03-01,145.90999923755388,184.09869074208072,0.0,0.3591931082183756,148.1542793969043,147.18595,0.90011674,0.052086093,0.047797225
2023-03-02,151.0299982851227,184.92336238474562,0.0,0.3779027884031526,147.65555064203667,147.17995,0.38019459,0.5557484,0.0640570655
2023-03-03,153.82999886538624,185.71797773801035,0.0,0.38306088336964417,148.40542827713963,147.2074,0.44667830000000003,0.22802536333333334,0.325296319
2023-03-06,151.60000189538493,183.7689524581341,0.0,0.385657446893175,149.6108886599975,147.23035,0.391198185,0.506899955,0.101901855
2023-03-07,152.8700034484644,185.9729761077086,0.0,0.3810814769844162,150.05291340222027,147.28425,0.05381494,0.89546275,0.050722335
2023-03-08,150.58999781641012,186.8653052330047,0.0,0.3677331979440939,150.67893264617132,147.36185,0.077786065,0.0869362135,0.8352777149999999
2023-03-09,148.50000219677116,185.11847720950186,0.0,0.36680581923531835,150.65916983591103,147.42685,0.8629230999999999,0.0125249045,0.12455198
2023-03-10,150.47000169266784,184.4081771475599,0.0,0.3778999985021338,150.17935431681968,147.4538,0.4417460516666667,0.3148729536666667,0.24338098499999997
2023-03-13,152.59000074773965,184.11099690746525,0.0,0.3874900002764565,150.24394224641532,147.50435,0.4417460516666667,0.3148729536666667,0.24338098499999997
2023-03-14,152.98999957220664,185.02923769022632,0.0,0.38425891846594956,150.76528841387858,147.5647,0.33217634333333335,0.34284853266666665,0.3249750943333333
2023-03-15,155.84999821434133,185.17418969552506,0.0,0.3920113098690038,151.25966876635002,147.61075,0.271654986,0.49411277849999996,0.23423232700000002
2023-03-16,155.00000071234894,185.5147586382693,0.0,0.38613896517324625,152.2797423738278,147.6418,0.271654986,0.49411277849999996,0.23423232700000002
2023-03-17,157.4000024681455,185.0692789749474,0.0,0.3977092320714689,152.88424406853272,147.6726,0.025354112,0.8438155,0.13083036
2023-03-20,159.2800004667382,184.65680661419947,0.0,0.4117019620004193,153.88774538663657,147.71605,0.3519151,0.51352406,0.13456084
2023-03-21,157.82999591905076,185.26808917291683,0.0,0.4008744811325697,155.0860241896062,147.7564,0.59756685,0.028916562,0.3735165815
2023-03-22,158.93000149532958,183.54586907568574,0.0,0.41114705847083305,155.69579659191595,147.81865,0.7610206,0.008811427,0.230168
2023-03-23,160.25000290146738,183.88898381785458,0.0,0.4140140994243541,156.41450846037907,147.8826,0.493732232,0.027285138,0.47898262333333336
2023-03-24,158.2800034055707,183.28013254163264,0.0,0.4091212933707161,157.26683991362816,147.9403,0.8326487133333332,0.011993789,0.15535750333333334
2023-03-27,157.65000173343736,182.8432592659848,0.0,0.4127042006707919,157.49198659948857,147.99190000000002,0.49888915,0.43692126200000003,0.064189595
2023-03-28,160.76999784967666,184.78921020676358,0.0,0.4147676319981157,157.52710068849112,148.06695000000002,0.33594122233333334,0.022660516000000002,0.6413982566666666
2023-03-29,162.36000374772644,183.92410087462292,0.0,0.4231491699997896,158.24774497993755,148.18515,0.495128322,0.023879440999999998,0.480992234
2023-03-30,164.89999804489076,183.5838358421906,0.0,0.43244961079563116,159.16157942884033,148.33755,0.47408193,0.012047277,0.51387084
2023-03-31,166.16999959797022,183.19413032785377,0.0,0.4393162064086738,160.43678400020914,148.49825,0.36102876,0.36048272,0.2784885
2023-04-03,165.62999942314087,183.39539823530225,0.0,0.43748842227734214,161.71083200016267,148.65195,0.0427421735,0.155921178,0.8013366
2023-04-04,163.7599996333609,185.72599832754693,0.0,0.4258407156263398,162.58175822234875,148.8298,0.2468515295,0.73581171,0.0173367825
2023-04-05,164.65999698841165,186.84918036848333,0.0,0.42044614670501623,162.84358972849347,148.9908,0.4979100165,0.4265096185,0.0755803495
2023-04-06,162.03000119394335,185.61681524461318,0.0,0.4146192066944716,163.2472364554949,149.13475,0.044589072,0.013068217,0.94234264
2023-04-10,160.8000012851095,184.73068765147934,0.0,0.41606291558166686,162.97673946538492,149.26815,0.02520312575,0.918661225,0.05613565975
2023-04-11,160.10000334229227,186.93144756857356,0.0,0.405474904027047,162.4930195841883,149.3808,0.056164202499999996,0.64002591,0.3038098965
2023-04-12,165.56000315245694,185.63817705639374,0.0,0.4286886970382019,161.96123745436867,149.47299999999998,0.031758003,0.95881563,0.009426434
2023-04-13,165.21000418104833,186.2442094543601,0.0,0.4238440789325314,162.76096246450896,149.5925,0.750169455,0.040828259,0.2090022925
2023-04-14,165.23000059867388,183.92572172961988,0.0,0.4348371516291813,163.30519302795142,149.73135,0.6386821,0.00952135,0.35179654
2023-04-17,166.46999871632045,183.00712858707686,0.0,0.4455496588209178,163.7329279106289,149.86135,0.24868967166666667,0.33197308233333334,0.4193372453333333
2023-04-18,167.63000235447038,184.86829735982172,0.0,0.4411970240295503,164.34116615271137,150.0101,0.4898899,0.0113756885,0.49873442999999995
2023-04-19,166.65000171092845,183.83546036697672,0.0,0.4404097367955983,165.0720181187755,150.1536,0.4898899,0.0113756885,0.49873442999999995
2023-04-20,165.0200029776276,183.9440047978057,0.0,0.43251824444975573,165.4226807590476,150.27904999999998,0.0971947,0.0158581,0.8869473
2023-04-21,165.33000030479062,184.05107372204776,0.0,0.434549868141872,165.3331961459259,150.38955,0.0971947,0.0158581,0.8869473
2023-04-24,163.76999784217367,183.25693845898593,0.0,0.4351213884703231,165.33248589127572,150.48445,0.15129414,0.16246487,0.68624103
2023-04-25,163.7599996333609,184.6309962601718,0.0,0.4289573441637622,164.98526680432556,150.56810000000002,0.938683325,0.0149343605,0.046382291
2023-04-26,168.41000358577887,184.29173104862076,0.0,0.44725481893161645,164.71298529225322,150.66254999999998,0.659983785,0.044558983499999996,0.295457235
2023-04-27,169.67999632986374,183.97936410192415,0.0,0.4504847568650458,165.53454411619694,150.7753,0.4729715465,0.489803331,0.0372251245
2023-04-28,169.59000364155432,184.32381781126438,0.0,0.44723620631397276,166.45575653481984,150.89625,0.90018034,0.05438957,0.04543002
2023-05-01,168.5399979183339,183.05786399118006,0.0,0.45383135341740277,167.15225508263765,151.00185,0.15956660150000002,0.34057676499999995,0.4998566425
2023-05-02,167.44999935986243,185.86441405889053,0.0,0.43851225161243507,167.4606428420515,151.0937,0.27333329,0.66821554125,0.058451178750000006
2023-05-03,165.78999719112875,186.7445427267367,0.0,0.42565117314712553,167.45827776604006,151.1956,0.18932342,0.4242256825,0.386450825
2023-05-04,173.56999987309604,185.5602747131024,0.0,0.4579271667184491,167.0875493735867,151.26955,0.2635892374,0.034672749600000004,0.7017380400000001
2023-05-05,173.49999919791486,184.8178438435441,0.0,0.4626913186739716,168.52809395723412,151.37220000000002,0.482851707,0.043713666750000005,0.47343463325
2023-05-08,171.77000075849728,183.47907487452028,0.0,0.4655297112385481,169.63296196673764,151.46295,0.12588575066666666,0.26757550166666666,0.6065387433333332
2023-05-09,173.55499815537962,186.0661356295583,0.0,0.46165792779467346,170.1078593074626,151.55135,0.12588575066666666,0.26757550166666666,0.6065387433333332
2023-05-10,173.74999846320674,185.62006576360164,0.0,0.4620903917334723,170.8738905724709,151.654375,0.05649382,0.9250467,0.018459577
2023-05-11,172.56999840743129,186.67653288432354,0.0,0.4503452467463517,171.5130260008107,151.76512499999998,0.32665207500000004,0.633238415,0.040109499
2023-05-12,172.06999987684753,185.95741501883833,0.0,0.450754563778227,171.74790911174165,151.844025,0.076098673,0.485985999,0.4379153595
2023-05-15,172.06999987684753,184.17172171138665,0.0,0.46202262064259136,171.81948486468795,151.917625,0.531815671,0.0138870985,0.45429721875
2023-05-16,172.68999893567081,184.21176299610772,0.0,0.4651326746864001,171.8751548947573,151.965425,0.08681066,0.8947603,0.018429061
2023-05-17,175.04999904722175,186.21655802047175,0.0,0.4612452664926247,172.05623158481123,152.021325,0.08681066,0.8947603,0.018429061
2023-05-18,175.16000136664854,185.97538536771768,0.0,0.4604257793308917,172.72151345485318,152.096525,0.3835782525,0.4784000835,0.13802168875
2023-05-19,174.20000154522938,185.0136721968588,0.0,0.4599312509956293,173.2633993537747,152.141675,0.76661277,0.20981508,0.023572171
2023-05-22,171.55999873295374,183.57397417279336,0.0,0.46156923350607987,173.47153283071367,152.183625,0.336994081,0.329411689,0.333594232
2023-05-23,171.84000143367845,184.92934369204417,0.0,0.4542896279236678,173.04674775722174,152.214675,0.08205479,0.1638357,0.7541095
2023-05-24,172.98999805402107,184.40784240576707,0.0,0.4611974836944829,172.77858158895023,152.249525,0.030974893,0.87097394,0.0980512
2023-05-25,175.43000145406322,185.8481614639482,0.0,0.4616221585703686,172.8255634580724,152.289875,0.030974893,0.87097394,0.0980512
2023-05-26,177.30000124384316,185.38331963060827,0.0,0.4705825576947674,173.4043271340563,152.320825,0.030974893,0.87097394,0.0980512
2023-05-30,177.25000139078477,184.91588795287103,0.0,0.474914638303484,174.2700322153771,152.36487499999998,0.030974893,0.87097394,0.0980512
2023-05-31,180.08999921079663,185.6415509013059,0.0,0.4807268920367575,174.93224727862665,152.390625,0.8470412,0.010768339,0.14219044
2023-06-01,180.94999932609906,183.47069752070448,0.0,0.49171623869519865,176.07841455004294,152.42512499999998,0.022272782,0.9687533,0.008973979
2023-06-02,179.57999806690287,186.4048767059337,0.0,0.47660349422005965,177.16098909447783,152.464725,0.022272782,0.9687533,0.008973979
2023-06-05,179.2099982733714,186.07780314283804,0.0,0.4799770404524873,177.69854707348276,152.489875,0.436275085,0.0639569115,0.49976793999999997
2023-06-06,177.8200005965497,184.5622684847029,0.0,0.4796821774722112,178.0344255015977,152.515175,0.6736169033333334,0.13964582849999999,0.18673726233333335
2023-06-07,180.57000132375487,185.28487471202936,0.0,0.4867506094804193,177.98677539013153,152.546675,0.6736169033333334,0.13964582849999999,0.18673726233333335
2023-06-08,180.9600019394091,185.06463223032299,0.0,0.4874713523267196,178.56082530343562,152.611675,0.116611116,0.86395097,0.019437915
2023-06-09,183.7900015506082,186.26751805393593,0.0,0.49252172967467106,179.0939752360055,152.68032499999998,0.8125784,0.011063044,0.17635857
2023-06-12,183.30999943765,183.62977034426476,1.0,0.5064051097816978,180.13753629467092,152.761625,0.8125784,0.011063044,0.17635857
2023-06-13,183.9499993185961,184.7317931802952,1.0,0.5047927140607449,180.8425282291885,152.82802500000005,0.061410039,0.45117399,0.48741601966666664
2023-06-14,186.01000031179677,184.86561942547894,0.0,0.4992249548236257,181.53307751159105,152.92967499999995,0.061410039,0.45117399,0.48741601966666664
2023-06-15,184.92000175332527,184.79958720234194,-1.0,0.5010544759327488,182.52794917568195,153.052825,0.061410039,0.45117399,0.48741601966666664
2023-06-16,185.009998846132,184.3774469700768,0.0,0.49973847081201994,183.0595160255304,153.182875,0.061410039,0.45117399,0.48741601966666664
2023-06-20,183.9600019319061,183.5123464469307,1.0,0.5052246051536908,183.49295690874584,153.32182500000002,0.061410039,0.45117399,0.48741601966666664
2023-06-21,186.9999991641515,184.80132257426803,0.0,0.494979644620375,183.59674426235787,153.451825,0.8383769,0.010364012,0.15125905
2023-06-22,186.67999922367844,184.20717791444514,0.0,0.4939826817380201,184.35302331516723,153.607775,0.38651437,0.0078597405,0.605625975
2023-06-23,185.2700007247339,183.5959746366787,0.0,0.49574221989460904,184.87012924513007,153.768525,0.9172325466666668,0.022241051333333334,0.060526449333333336
2023-06-26,188.05999869168738,183.06557186141015,0.0,0.48803916496112076,184.9589894128789,153.915075,0.06861452999999999,0.44193010000000005,0.4894553885
2023-06-27,189.2500013607729,184.49526727216556,0.0,0.4871826769589366,185.6481028766836,154.08307499999998,0.028236097,0.021151697,0.9506122
2023-06-28,189.59000212336875,184.11692536079653,0.0,0.4836343522900344,186.4485244596428,154.24247499999998,0.8262613,0.01020639,0.16353232
2023-06-29,193.97000158387473,184.0303285398856,0.0,0.46541942158356214,187.14663013527772,154.373275,0.047870338,0.0778319415,0.87429767
2023-06-30,192.4599989743162,183.7370330663869,0.0,0.47051870101743865,188.6629345496605,154.573925,0.476971352,0.033417089999999997,0.489611565
2023-07-03,191.3299987715991,182.1759955469105,0.0,0.4706203186502531,189.5067268719581,154.759675,0.02238162,0.96582854,0.011789916
2023-07-05,191.81000088455733,187.11061811319667,0.0,0.48848685314805174,189.9118986781897,154.954475,0.0491008,0.9277285,0.023170732
2023-07-06,190.68000068184023,186.1641841433825,0.0,0.4852194190885678,190.3336989719253,155.160025,0.02883634,0.020676803,0.95048684
2023-07-07,188.6100014798268,184.31877906638252,0.0,0.48897555293700107,190.4106547559419,155.341025,0.9059421,0.010775712,0.08328219
2023-07-10,188.0799995138102,183.61851244923153,0.0,0.49138940064051684,190.01050925462147,155.499575,0.9059421,0.010775712,0.08328219
2023-07-11,189.77000071347945,184.79675070609727,0.0,0.4895543779019162,189.5815071980389,155.671375,0.516316945,0.009393282999999999,0.474289805
2023-07-12,190.53999933147787,184.21050771438456,0.0,0.48079581176773134,189.6233944873636,155.856525,0.07241444849999999,0.5093395365,0.4182460325
2023-07-13,190.689998890653,184.92633101590852,0.0,0.47978427039850063,189.8270846012828,156.057075,0.03881966,0.95377237,0.0074080788
2023-07-14,193.98999800150028,185.88621632039855,0.0,0.4713458011089034,190.01884357877552,156.256675,0.03881966,0.95377237,0.0074080788
2023-07-17,193.73000052739565,185.2594783807455,0.0,0.4724017682296988,190.90132278349208,156.467825,0.083725594,0.078618065,0.8376563
2023-07-18,195.10000178659183,184.56561149813413,0.0,0.4668310721193173,191.52991772049384,156.687275,0.1708152815,0.480945555,0.348239107
2023-07-19,193.12999788619786,184.90474457476694,0.0,0.4712896915716463,192.32326933816188,156.950375,0.6076304886666667,0.313027549,0.07934197366666666
2023-07-20,191.93999962160962,184.14901212344012,0.0,0.47186195946801773,192.50254281857036,157.22502500000002,0.31007370866666667,0.5859127846666666,0.10401350466666666
2023-07-21,192.74999988385366,185.26462283356193,0.0,0.47206948916049957,192.37753330333248,157.472475,0.53663754,0.022368023,0.44099444
2023-07-24,193.61999820796885,182.42171364085172,0.0,0.4632702181071481,192.4603036803697,157.705725,0.16287349,0.016502835,0.8206237
2023-07-25,194.49999914539404,184.66443079898136,0.0,0.46944812089026267,192.71801397362088,157.941825,0.073058809,0.6421740420000001,0.2847670956666667
2023-07-26,193.21999938350183,185.0254454180731,0.0,0.4718408741479597,193.1140108683718,158.187175,0.64757156,0.011128852,0.34129962
2023-07-27,195.82999876034464,183.63717430418293,0.0,0.457071110627618,193.1375640087336,158.45282500000002,0.045556955,0.011229865,0.94321316
2023-07-28,196.44999781916795,183.7838881083914,0.0,0.4561690941228768,193.73588311790397,158.729875,0.468091683,0.4413150275,0.090593225
2023-07-31,195.60499942158197,183.90251002898407,0.0,0.45931235466659665,194.33902020281417,159.017225,0.468091683,0.4413150275,0.090593225
2023-08-01,192.57999950255572,184.90747095857978,0.0,0.4755818968432521,194.62034904663324,159.30355,0.21204023,0.775399,0.012560655
2023-08-02,191.17000100361122,186.13090376197755,0.0,0.485155861061906,194.16693814738144,159.5515,0.47523953,0.1027331175,0.42202736625
2023-08-03,181.98999803151216,184.31734760476834,0.0,0.4943085227788755,193.50095189240776,159.81545,0.5774504652857143,0.25068300314285713,0.17186654185714284
2023-08-04,178.85000109315004,184.5214608174561,0.0,0.4822379788112122,190.94296258298385,160.01335,0.35611245666666663,0.617309255,0.026578274333333332
2023-08-07,179.79999830125917,184.82227917229937,0.0,0.4870965230284319,188.25563756454295,160.18885,0.35714875349999997,0.532395945,0.1104553176
2023-08-08,178.19000039008114,185.98249422631847,0.0,0.4753556624089973,186.37660699464453,160.36855,0.35714875349999997,0.532395945,0.1104553176
2023-08-09,177.97000015572485,186.021579735131,0.0,0.47200601037159345,184.55736099583464,160.54255,0.5424191966666666,0.41560822199999997,0.041972591999999996
2023-08-10,177.79000156561415,185.23804169251125,0.0,0.47447336388149075,183.0935029967603,160.69605,0.30711287,0.6609356,0.0319516
2023-08-11,179.4600019431606,185.69037034909474,0.0,0.4781580722298285,181.914946775258,160.83775,0.3069514,0.34853378,0.3445148
2023-08-14,177.45000080301827,184.04990653027008,0.0,0.4794843644970744,181.36940304742288,160.97335,0.520636503,0.15632233774999998,0.3230411755
2023-08-15,176.56999986559305,184.34893225472268,0.0,0.4765874597344089,180.49842459244,161.11385,0.06402179,0.01063583,0.9253424
2023-08-16,174.00000213299586,184.28591270772134,0.0,0.46707898018780647,179.62544134967555,161.2727,0.525271935,0.342570557,0.1321575165
2023-08-17,174.4899980502696,184.5796442264502,0.0,0.4643825650457107,178.37534327196988,161.364,0.265593193,0.529265705,0.20514114
2023-08-18,175.839998487343,184.69476457170978,0.0,0.4676293787244802,177.51193365597658,161.46975,0.24854149,0.11434064,0.6371179
2023-08-21,177.23000056866198,183.1463591504162,0.0,0.48397627574014257,177.14039284353734,161.5957,0.24854149,0.11434064,0.6371179
2023-08-22,181.11999970739697,184.465862848362,0.0,0.4936225367829661,177.16030554497348,161.7567,0.24854149,0.11434064,0.6371179
2023-08-23,176.37999866217234,184.08782044280764,0.0,0.47541234626571116,178.04023764609047,161.9679,0.16184688,0.8223287,0.015824346
2023-08-24,178.61000003667095,185.39451586267967,0.0,0.47534535063085015,177.67129594695925,162.1579,0.16184688,0.8223287,0.015824346
2023-08-25,180.1899989169134,185.0741723714192,0.0,0.4828320510993169,177.87989684763497,162.35635,0.16184688,0.8223287,0.015824346
2023-08-28,184.119999699894,184.63478412782774,-1.0,0.5018388296081249,178.3932531037161,162.5598,0.76956713,0.010727968,0.2197049
2023-08-29,187.65000165840763,183.76251308311902,0.0,0.49263824394166156,179.6658635251125,162.80605000000003,0.64672375,0.022850655,0.33042556999999995
2023-08-30,187.87000189276392,183.33313626183212,0.0,0.4869665547213004,181.4401160750875,163.00995,0.507035208,0.3300368038,0.16292799659999999
2023-08-31,189.45999898181915,184.14159495003014,0.0,0.48069588845089184,182.8689791695125,163.2008,0.61130214,0.023926347,0.36477157
2023-09-01,189.70000003829827,182.97623984769186,0.0,0.4773386049987097,184.3336504651764,163.4067,0.25565039500000003,0.439353399,0.304996259
2023-09-05,182.91000061318297,184.38071510705436,0.0,0.4994263693968997,185.52617258402609,163.605,0.032223617333333336,0.6377241379999999,0.3300522316666667
2023-09-06,177.5599987179478,185.24907495818348,0.0,0.47511630808325617,184.94480089868696,163.7756,0.4354117645,0.2550339155,0.3095543485
2023-09-07,178.18000218126838,184.26504860413277,0.0,0.4775888795408667,183.3037340323121,163.9098,0.264982662,0.49057792824999996,0.2444393825
2023-09-08,179.35999783254655,184.7418574565671,0.0,0.48045346942820416,182.16512646957608,164.04425,0.04286918,0.8161593,0.14097148
2023-09-11,176.2999997781784,185.17196101990424,0.0,0.47208380050514076,181.5417650318925,164.201,0.19029539,0.046018622999999995,0.76368607
2023-09-12,174.20999975404214,184.90995069054523,0.0,0.46695272677679445,180.37692835813863,164.3316,0.7931079,0.1526336255,0.054258471249999995
2023-09-13,175.73999878122623,184.05775534441295,0.0,0.47409263886071973,179.0064998341078,164.44729999999998,0.26531587925,0.69403175,0.040652337749999996
2023-09-14,175.01000180747343,185.45815203929942,0.0,0.4610143655634059,178.28061098208386,164.58544999999998,0.471733285,0.483237873,0.045028838
2023-09-15,177.97000015572485,184.53234873471828,0.0,0.47722258389839256,177.55380854162078,164.7394,0.70782906,0.061417747,0.23075317
2023-09-18,179.07000132750636,182.25094687702807,0.0,0.49573445190547677,177.6462955323717,164.92340000000002,0.03477203,0.029622667,0.9356053
2023-09-19,175.48999951593436,184.3650350967577,0.0,0.4736299835278925,177.96267430295578,165.0786,0.36543784,0.040420808,0.59414136
2023-09-20,173.93000145781468,184.0204888929747,0.0,0.4656330321878151,177.41319112452115,165.21450000000002,0.4036992585,0.479606222,0.116694472
2023-09-21,174.7900015731171,184.6728521977699,0.0,0.46326977449313095,176.63914865240534,165.34509999999997,0.4036992585,0.479606222,0.116694472
2023-09-22,176.07999954382208,184.20401108090488,0.0,0.470243523141181,176.22822672964858,165.48590000000002,0.036323104,0.016984455,0.94669235
2023-09-25,171.960001961918,182.6526194104593,0.0,0.4671369822508775,176.19528745639334,165.65175,0.05047934233333334,0.33290383166666665,0.6166168716666666
2023-09-26,170.43000293473392,184.16025680498154,0.0,0.45503010202298444,175.2541124660837,165.80685000000005,0.4873210253333333,0.02064653683333333,0.4920324366666667
2023-09-27,170.69000040883856,183.1066834389689,0.0,0.45625300334087415,174.18208747362067,165.94575,0.75361576,0.138788969,0.1075952515
2023-09-28,171.20999976154513,183.65785782338327,0.0,0.45589222478625296,173.4060680350383,166.0884,0.22684851766666667,0.560144556,0.2130069088333333
2023-09-29,173.74999846320674,184.4729232574928,0.0,0.4604138390606556,172.91805291614088,166.222,0.087567425,0.4516112975,0.460821306
2023-10-02,172.39999802613335,182.76530847322346,0.0,0.4663890805224721,173.10293004588735,166.3634,0.069208281,0.5438538460000001,0.38693785666666664
2023-10-03,173.66000137040004,185.12540988821166,0.0,0.46311516304524125,172.9467233690235,166.50935,0.490696412,0.013715503,0.49558812750000003
2023-10-04,174.91000210135667,183.80418843632884,0.0,0.4720119696019912,173.10522928701826,166.69514999999998,0.25786755066666667,0.6624816,0.07965084333333333
2023-10-05,177.48999804276662,185.44302259116205,0.0,0.47193584690171275,173.50628944545863,166.89715,0.48198673,0.47528212999999997,0.042731160000000004
2023-10-06,178.98999803901512,184.3489102322363,0.0,0.4829899626110246,174.39155845757892,167.12275000000002,0.143162596,0.32449965933333336,0.532337782
2023-10-09,178.38999980231463,183.2630210697218,0.0,0.4890501357055797,175.4134343558947,167.3562,0.5475846934999999,0.25586629,0.19654898475000002
2023-10-10,179.79999830125917,184.6524417574006,0.0,0.4887252583142162,176.0748933879181,167.5709,0.448378045,0.054697475499999995,0.496924455
2023-10-11,180.70999826961994,183.64283408318047,0.0,0.4941864077239936,176.90269485726964,167.80875,0.448378045,0.054697475499999995,0.496924455
2023-10-12,178.85000109315004,183.65032613304413,0.0,0.4852034115684625,177.74876266676526,168.053,0.84886277,0.08474387,0.066393346
2023-10-13,178.71999795160045,183.5733663521695,0.0,0.48709673091046496,177.99348207415076,168.2971,0.027629582,0.9382924,0.03407795
2023-10-16,177.15000168466804,184.77515105146387,0.0,0.47661711722875844,178.15493050211725,168.5605,0.5318044133333334,0.356902985,0.11129262
2023-10-17,175.839998487343,184.43934337027318,0.0,0.47329840970941106,177.93161261275787,168.7982,0.5350782475,0.016695228,0.44822652500000004
2023-10-18,175.46000048499877,183.20754202205416,0.0,0.4748920677057301,177.46680980992278,169.02774999999997,0.46026031274999996,0.5157707055,0.023968999249999998
2023-10-19,172.88000013909158,184.43126552227204,0.0,0.45794276873815126,177.02085207438438,169.27969999999996,0.5144726350000001,0.047638874500000004,0.43788853499999997
2023-10-20,173.0000006673311,182.764868023496,0.0,0.46616374344368383,176.1006627245212,169.51229999999998,0.61755616,0.018022989,0.3644208
2023-10-23,173.44000113604372,181.87800928381463,0.0,0.4744404422100451,175.41162656351648,169.75220000000002,0.3797000266,0.3564468242,0.2638531392
2023-10-24,171.0999974421183,184.51506548741375,0.0,0.45276687830084555,174.9734873271795,169.9713,0.6671483425,0.14701960074999998,0.1858320505
2023-10-25,166.89000276740754,183.66385234417365,0.0,0.44186327922818897,174.11271236558406,170.17605,0.43978412320000004,0.2072008278,0.35301502840000004
2023-10-26,168.22000238235813,183.47711046873593,0.0,0.4437556499562803,172.50766517323203,170.35685,0.74600816,0.21315649,0.040835373
2023-10-27,170.29000158437157,182.99586628754636,0.0,0.45600479347746914,171.55485069029157,170.53050000000002,0.39430682833333336,0.27901517016666666,0.32667802933333334
2023-10-30,170.7700036973298,182.74565120188805,0.0,0.45871970065650364,171.27377275911567,170.71489999999997,0.461035611,0.28914381,0.2498205975
2023-10-31,173.96999869756303,184.1127763243641,0.0,0.4660755576663344,171.16182325708996,170.89495,0.5776713680000001,0.3687623514,0.053566291200000005
2023-11-01,177.57000133125783,183.84553345224316,0.0,0.4809343081822641,171.7858625332922,171.0851,0.4488367725,0.2565868135,0.29457645925
2023-11-02,176.649998749587,184.30021411037114,0.0,0.473395741579557,173.0712264147828,171.29690000000002,0.3566645141428571,0.18650831385714287,0.4568271657142858
2023-11-03,179.22999909549424,183.69403636399474,0.0,0.4859931575655985,173.86650943371995,171.5038,0.6232798893333333,0.332126179,0.04459395533333333
2023-11-06,181.8200020547115,183.30490783880083,1.0,0.503061497178554,175.05839622622662,171.7106,0.3390991,0.013164614,0.6477364
2023-11-07,182.88999979106018,184.8091053209518,0.0,0.4998345233872821,176.5609748426207,171.91415,0.1868178815,0.57123169,0.24195047649999998
2023-11-08,182.41000208259925,185.47871223257607,0.0,0.491023143605941,177.96742487759388,172.11594999999997,0.765066,0.052463055,0.1824709
2023-11-09,186.400000927451,184.35656084400185,0.0,0.4972395712097284,178.95466379368412,172.31870000000004,0.020618396,0.9633703,0.016011238
2023-11-10,184.80000122508574,185.41681583237968,-1.0,0.5007671930228885,180.6091829506432,172.5309,0.429360945,0.52411777,0.0465212365
2023-11-13,187.4399996328641,183.87324654909332,0.0,0.4917819035224542,181.54047562827805,172.72525,0.22216487,0.011470069,0.76636505
2023-11-14,188.00999883862903,184.43167073602126,0.0,0.49453877930785606,182.85148104421623,172.94745,0.3740122436,0.058662954,0.56732483
2023-11-15,189.70999824711103,183.80741252833369,0.0,0.48137058416148554,183.997818589946,173.16605000000004,0.75190588,0.134715845,0.11337827
2023-11-16,189.69000182948548,184.06622078817423,0.0,0.4829666510017352,185.26719223662465,173.38745000000003,0.470680325,0.144267923,0.3850517825
2023-11-17,191.44999929983865,183.24388793356204,0.0,0.47243574419993334,186.25003840626363,173.58180000000002,0.24338852,0.7325779,0.024033600500000002
2023-11-20,190.63999903759463,184.39626738693008,0.0,0.4813467675799437,187.40558542709397,173.76655000000002,0.22024484,0.7539803,0.02577499
2023-11-21,191.3099979494763,185.43019229060187,0.0,0.48309742139164696,188.12434422107304,173.96110000000002,0.027436014,0.95792043,0.014643496
2023-11-22,189.97000012571294,184.96696690776162,0.0,0.4854329751298965,188.8322677275013,174.1444,0.3665027954,0.2784713802,0.355025778
2023-11-24,189.79000153560224,183.44947224833942,0.0,0.47837078029397306,189.08509712138988,174.33465,0.08804842,0.042613283,0.86933833
2023-11-27,190.39999798111552,181.4421710650263,0.0,0.475773949102604,189.24174220552547,174.52925,0.7143093,0.010600065,0.27509072
2023-11-28,189.37000188901246,183.32430084029977,0.0,0.4854128787858243,189.4991328265198,174.72620000000003,0.5182948766666666,0.05578459066666667,0.425920515
2023-11-29,189.94999930359015,182.95134562909726,0.0,0.4793372834242464,189.47043664284877,174.90379999999996,0.7349808,0.21297993,0.052039236
2023-11-30,191.2400016787924,183.61110848931335,0.0,0.4763824246986058,189.57700627777123,175.08755000000002,0.4112413,0.007963685,0.580795
2023-12-01,189.4299999508836,182.79576557187553,0.0,0.4789584191949354,189.9465604382665,175.2671,0.4338788225,0.35517774675,0.210943462
2023-12-04,193.41999879573535,183.7318842090732,0.0,0.46941783396012804,189.83176922976284,175.4457,0.24339487333333332,0.3263664513333333,0.4302386788333333
2023-12-05,192.32000202845109,184.85416773256563,0.0,0.4795619041436237,190.6291538453711,175.65004999999996,0.514037074,0.08098964,0.404973275
2023-12-06,194.270000702225,183.817868804863,0.0,0.4657825539222056,191.00489743528863,175.86925,0.3506349725,0.29796254975,0.35140245324999997
2023-12-07,195.70999823210508,184.5775520902449,0.0,0.46159869530066455,191.73047578300228,176.09605,0.83045447,0.13515823,0.034387287
2023-12-08,193.1800021437535,183.82063042465398,0.0,0.47184116696353523,192.61481449789065,176.32760000000002,0.7031983500000001,0.19984163976666666,0.09696003800000001
2023-12-11,194.7100011709376,183.1772258673148,0.0,0.465355495848733,192.7404112761372,176.55995,0.7031983500000001,0.19984163976666666,0.09696003800000001
2023-12-12,197.9600004287265,184.59584396742525,0.0,0.45856825844709903,193.1780976592178,176.7939,0.6339799,0.019969314,0.34605077
2023-12-13,198.10999998790163,183.86127952999894,0.0,0.4527442947575593,194.24074262383607,177.04665,0.5476070814285715,0.2928920872857143,0.15950082978571428
2023-12-14,197.56999981307226,184.22696732069878,0.0,0.4528972767011326,195.10057759631692,177.31064999999998,0.514261385,0.0688455695,0.41689301
2023-12-15,195.89000122671305,183.1880785485988,0.0,0.45609336956880875,195.64933813046875,177.56895,0.5692844,0.096323326,0.33439228
2023-12-18,196.9399981409389,182.0921427278015,0.0,0.450989215646139,195.7028185459201,177.79325,0.085906121,0.89139425,0.0226996055
2023-12-19,194.83000169917716,186.25086464974163,0.0,0.47412358545165795,195.9777477579379,178.0088,0.8121074425,0.0671831855,0.12070935700000002
2023-12-20,194.68000214000202,183.96193550620956,0.0,0.4674726324781949,195.72269270061835,178.22495000000004,0.3681352,0.011473588,0.6203912
2023-12-21,193.6000017903433,183.6349676510485,0.0,0.46620173490715794,195.49098321159207,178.43399999999997,0.3681352,0.011473588,0.6203912
2023-12-22,193.04999900220392,183.22685574260214,0.0,0.46740775999138684,195.0707647201272,178.64905000000002,0.36801445,0.008953741,0.62303174
2023-12-26,193.14999870832065,182.1999163716075,0.0,0.466265269826591,194.62170589343225,178.8718,0.19501387,0.7851507166666667,0.01983544433333333
2023-12-27,193.5800009682205,185.33126728182006,0.0,0.4739323126604118,194.2946601393362,179.0852,0.87357175,0.07833978899999999,0.0480884835
2023-12-28,192.52999964949737,183.6798979277441,0.0,0.4725269453576293,194.13584677503928,179.29014999999998,0.5238064,0.38120696,0.09498662
2023-12-29,185.64000051826534,183.60448852991001,0.0,0.49667388355057285,193.7789919361417,179.48785,0.055539314,0.012695323,0.9317654
2024-01-02,184.24999843694633,182.22587207404518,1.0,0.501290856544036,191.97032706144356,179.6368,0.42540259599999997,0.20715588980000002,0.3674415186
2024-01-03,181.90999914751822,185.16486977929253,0.0,0.4895585489743625,190.2546988255672,179.78305,0.531427815,0.024650437499999997,0.443921679
2024-01-04,181.1800021737654,185.11605914049824,0.0,0.48789500621119775,188.4003213087745,179.90560000000002,0.06261680066666668,0.6281402066666666,0.309242974
2024-01-05,185.56000163427137,185.7702326936732,-1.0,0.5009962478475116,186.79580546238012,180.01510000000002,0.679140512,0.0732837506,0.24757575680000002
2024-01-08,185.1400019876816,184.0019327459579,1.0,0.5031322062047684,186.5211820262957,180.15375,0.5372955804,0.21443146600000002,0.24827297748000002
2024-01-09,186.18999890190744,185.84832002585006,1.0,0.5045521531857495,186.2142526871189,180.2848,0.366631465,0.598774405,0.034594123500000004
2024-01-10,185.59000066520696,186.54892578929116,0.0,0.49917825982384684,186.20886320109244,180.4145,0.24533477766666667,0.6546666499999999,0.09999859633333334
2024-01-11,185.91999881449277,186.44499286710843,0.0,0.49894291434548727,186.0713380452941,180.55105,0.38207976475,0.41871036500000003,0.19920986075
2024-01-12,183.62999937812305,185.3198948698577,0.0,0.4943845297506942,186.03770736856208,180.6924,0.1745656865,0.4493734795,0.37606083675
2024-01-16,182.68000217001392,183.97397740175762,0.0,0.4999377414680772,185.5026612866594,180.8067,0.45433779139999997,0.4645986636,0.0810635728
2024-01-17,188.6299978974523,185.27891983171446,0.0,0.4889306391407351,184.8754032229573,180.90830000000005,0.28894827333333334,0.38210586966666665,0.328945811
2024-01-18,191.56000161926545,185.15194698428962,0.0,0.47608934884110776,185.70975806230007,181.02695,0.31775742999999995,0.020543408,0.6616991466666667
2024-01-19,193.88999829538352,183.76427047753145,0.0,0.46366613953842545,187.00981182623343,181.1539,0.42425884,0.02064789675,0.555093285
2024-01-22,195.18000067058577,182.8745752416054,0.0,0.4590882177190247,188.53874253151488,181.2952,0.255160518,0.60925725,0.1355822555
2024-01-23,194.49999914539404,186.1317538299515,0.0,0.471063419611291,190.0145775245116,181.4523,0.673008025,0.06082675725,0.26616519
2024-01-24,194.17000099610823,184.23542395546554,0.0,0.46668485197744447,191.0113380746201,181.6015,0.94262356,0.019198025,0.0381784
2024-01-25,192.42000173456785,184.27995342290916,0.0,0.4730873285217667,191.7132629469268,181.7622,0.164016155,0.45422105225,0.3817628235
2024-01-26,191.73000200056336,184.3175281891566,0.0,0.47304265711324217,191.8703156253875,181.9203,0.9259169,0.041913046499999995,0.032170006
2024-01-29,188.0399978695646,182.83991184805632,0.0,0.4872382792455213,191.83913437530137,182.07845,0.09828672,0.24654690099999998,0.65516638
2024-01-30,184.39999799612144,184.42391882081841,1.0,0.5059266983569515,190.99488229190104,182.19085,0.024566723,0.966611,0.008822245
2024-01-31,186.85999781378914,185.85884236983847,0.0,0.49804965539132395,189.52935289370083,182.2868,0.06854995550000001,0.483297566,0.448152496
2024-02-01,185.8499981393116,184.4532263456819,0.0,0.4955875073503438,188.9361633617673,182.39495,0.46883638288888885,0.22913902422222224,0.3020245922222222
2024-02-02,187.6800006893432,184.84671972767472,0.0,0.4911091326765628,188.25034928137455,182.49185,0.018618254,0.9295601,0.05182165
2024-02-05,189.30000121383125,185.7090233950516,0.0,0.4951534313795241,188.12360499662464,182.5921,0.2823122103333333,0.6497856746666667,0.06790212866666666
2024-02-06,189.40999912876077,187.00363287440283,0.0,0.496167237311766,188.38502610848585,182.70535,0.42535450199999997,0.5382868199999999,0.0363586985
2024-02-07,188.3200005702893,186.3013798289811,0.0,0.49555662964688535,188.61279808437789,182.8273,0.5717134500000001,0.321936566,0.10634995250000001
2024-02-08,188.8499981318086,185.39338390688016,0.0,0.48999776026256453,188.54773184340505,182.94225,0.45690919799999996,0.4796829665,0.06340784575
2024-02-09,187.1499987233266,185.23731495046098,0.0,0.4948602816806728,188.61490254487055,183.06765000000004,0.45690919799999996,0.4796829665,0.06340784575
2024-02-12,185.03999787706755,184.46544442112096,-1.0,0.5025614574019448,188.28936864601044,183.1846,0.113230066,0.01828235,0.8684875700000001
2024-02-13,184.14999873082957,184.9654605696938,1.0,0.505250093489985,187.5672867246748,183.26775,0.5555883149999999,0.0929006965,0.35151097
2024-02-14,183.8599978212921,184.35123580679718,1.0,0.5019851947588947,186.80788967474703,183.3401,0.67899082,0.26127486075,0.059734287999999996
2024-02-15,182.3099979719852,184.93460706628701,0.0,0.4935709701611129,186.15280308035884,183.41145,0.5053738566666667,0.025105359666666664,0.4695208066666667
2024-02-16,181.56000017610958,183.6151518178112,0.0,0.4953213348757724,185.29884684027908,183.4803,0.85867235,0.0191313155,0.122196323
2024-02-20,182.32000058529525,183.4135051235971,1.0,0.5037165095158034,184.46799198688373,183.55085000000005,0.8763134133333333,0.05177072800000001,0.07191581733333334
2024-02-21,184.36999896518589,184.41230416150597,-1.0,0.5057083694579441,183.9906604342429,183.63350000000003,0.4323300033333333,0.21048662066666665,0.35718339233333335
2024-02-22,182.51999999752874,184.16564350514807,0.0,0.49568223635332115,184.07495811552224,183.6875,0.038682774,0.026970178,0.93434703
2024-02-23,181.1600013516426,183.72229561850696,0.0,0.49486914527805137,183.72941186762844,183.7326,0.9215228,0.01456507,0.0639122
2024-02-26,182.62999791245826,182.88902199266528,1.0,0.5070640296419296,183.1584314525999,183.77955,0.87621778,0.012741533499999999,0.111040677
2024-02-27,181.41999882574723,184.2430349267556,0.0,0.4982797722717654,183.04100224091104,183.824925,0.487605275,0.465196886,0.0471978005
2024-02-28,180.74999991386557,184.68302658647366,0.0,0.4883768518528081,182.68077952070857,183.863275,0.22565658249999998,0.5181781445,0.25616525825
2024-02-29,179.66000135539406,185.10396879548017,0.0,0.4803640801647712,182.2517174049956,183.904175,0.09153368533333334,0.5716901053333333,0.33677614166666664
2024-03-01,175.09999890028013,183.69019564237152,0.0,0.46794702770395863,181.67578020388544,183.942125,0.13958949,0.7882345,0.07217599
2024-03-04,170.11999679857638,185.85701009897235,0.0,0.4480251915385836,180.2144957141331,183.957275,0.24628722875,0.4817222015,0.27199053025000003
2024-03-05,169.11999973740888,186.17185237313714,0.0,0.44139109889220923,177.97127444432576,183.944425,0.0543650115,0.9013372199999999,0.04429774633333333
2024-03-06,169.0000036136666,186.61191890930888,0.0,0.4381188121853306,176.00432456780894,183.914775,0.6282247466666666,0.30474472366666666,0.06703054866666668
2024-03-07,170.73000205308418,185.4529327100293,0.0,0.44860335850116567,174.44780799718473,183.883975,0.5843281813333333,0.3053311463333333,0.11034067200000001
2024-03-08,172.75000140203923,184.89042555412806,0.0,0.4589353383331818,173.62162844225475,183.866625,0.42522699999999997,0.510866395,0.06390666
2024-03-11,173.2299991105002,184.8142189422873,0.0,0.46366128206261287,173.42793323286483,183.872575,0.44310323025000004,0.48729433224999996,0.06960240175
2024-03-12,171.13000087755117,186.0125020662486,0.0,0.44980967266178273,173.38394807000597,183.879525,0.48101126666666666,0.008118366866666666,0.51087038
2024-03-13,173.0000006673311,184.45680720196597,0.0,0.4616444920996744,172.88307072111576,183.870225,0.493473925,0.21470692949999998,0.2918191445
2024-03-14,172.61999826048964,184.96038218433648,0.0,0.45581000829903434,172.90905500531227,183.858075,0.5385804000000001,0.364333053,0.097086531
2024-03-15,173.71999943227115,184.5349561971047,0.0,0.4625955761915141,172.84482055968732,183.834675,0.241194096,0.2735020695,0.485303826
2024-03-18,176.07999954382208,183.48037420121622,0.0,0.48072248871331397,173.0393048797568,183.817025,0.9112201,0.014818474,0.07396151
2024-03-19,178.66999809854207,184.5211877386251,0.0,0.48689317922689535,173.7150149064775,183.79697500000003,0.9112201,0.014818474,0.07396151
2024-03-20,171.37000193403028,184.8218783630474,0.0,0.4556080213096452,174.81612270503803,183.785575,0.21779327,0.4001714826666667,0.38203526566666673
2024-03-21,172.28000190239106,185.01608145686785,0.0,0.4535213689677484,174.05031765947405,183.744525,0.6321352075,0.307385583,0.06047918975
2024-03-22,170.84999817682646,183.63219281776566,0.0,0.4552757496288518,173.65691373514647,183.70987500000004,0.5839949833333334,0.3258209834333333,0.090184055
2024-03-25,169.7099997652966,183.42508454693137,0.0,0.45530643142614907,173.03315512733613,183.67502500000003,0.47488053866666663,0.3057131126666666,0.21940631066666663
2024-03-26,173.30999799449413,184.83838201433437,0.0,0.46111204995688715,172.29467621015033,183.620725,0.5841973316666667,0.0252883189,0.3905143566666667
2024-03-27,171.47999984895978,183.65887085775637,0.0,0.4582366405229337,172.5203037190058,183.582475,0.044343993,0.9433187,0.012337298
2024-03-28,170.03000411026693,185.7674490513958,0.0,0.44197993515076855,172.28912511478228,183.52092500000003,0.7886771,0.012272379,0.1990505
2024-04-01,168.83999703668417,183.48740818336336,0.0,0.4487555149626103,171.78709731149732,183.454525,0.027585105,0.95840835,0.01400659025
2024-04-02,169.65000170342546,187.48637898916294,0.0,0.4393055686982928,171.13218679783125,183.378975,0.6649883,0.10134586025,0.23366585
2024-04-03,168.82000061905862,185.14606257593107,0.0,0.4447015743810264,170.80281195386874,183.297175,0.478009792,0.017577285,0.504412915
2024-04-04,169.579996623747,184.70771819819362,0.0,0.44740976588521186,170.36218707523125,183.216675,0.13176847,0.8513603,0.016871208
2024-04-05,168.44999642102994,186.39992164650005,0.0,0.43599847684505183,170.18836772517986,183.139525,0.034287933,0.9579687,0.0077433162
2024-04-08,169.66999812105098,185.94077923263313,0.0,0.4449282910734096,169.802063786251,183.061975,0.19626886533333335,0.4784337266666667,0.3252973993333333
2024-04-09,167.78000191364552,185.68438023280163,0.0,0.43859024831328275,169.77271627819522,182.975325,0.036349035,0.496240026,0.467410968
2024-04-10,175.040000838409,184.9982388384095,0.0,0.46807851448923216,169.3298904385963,182.880825,0.31147792,0.35139169766666667,0.3371303273333333
2024-04-11,176.54999904347028,185.18385756704225,0.0,0.4695602007479756,170.59880367446377,182.82967500000004,0.302146291,0.220616602,0.47723709119999996
2024-04-12,172.68999893567081,184.3053717766794,0.0,0.45949435185248927,171.92129174680517,182.772125,0.49641353233333335,0.42719822,0.07638825633333333
2024-04-15,169.3799972115135,184.16849321488456,0.0,0.4521852837815985,172.09211580307067,182.689325,0.2257636085,0.276072353,0.498164096
2024-04-16,167.99999774350454,185.14075075221822,0.0,0.4414322679009537,171.4894234023883,182.588275,0.289885445,0.3589185936666666,0.3511959553333333
2024-04-17,167.04000232658268,185.17116821039485,0.0,0.43393041861979487,170.71399597963534,182.458425,0.414122874,0.50185305,0.0840241235
2024-04-18,164.99999775100753,185.681592186027,0.0,0.4237493655570639,169.89755242860525,182.331325,0.36969454,0.044443024733333336,0.5858624410000001
2024-04-19,165.83999704418713,183.9860148928084,0.0,0.43541872949558796,168.80920744447076,182.199675,0.259269325,0.5508503143333333,0.18988033700000004
2024-04-22,166.90000097622033,184.59012252546586,0.0,0.4384782073843249,168.1493835679217,182.069825,0.4785844735,0.29311035350000003,0.22830517375
2024-04-23,169.0200000312921,184.80182909145458,0.0,0.44563223571910676,167.8717427750502,181.950925,0.36613470649999996,0.43260090250000005,0.2012644245
2024-04-24,169.89000275990458,185.06590072553797,0.0,0.44541453555674176,168.12691104726127,181.852975,0.016770052,0.97444737,0.008782656
2024-04-25,169.30000273201682,185.76879242306447,0.0,0.44015144021210745,168.5187085923143,181.762025,0.049329139999999994,0.9245693,0.02610152165
2024-04-26,173.49999919791486,185.37448420907594,0.0,0.45756869157986235,168.69232890513337,181.659675,0.44732186,0.407092328,0.1455857965
2024-04-29,170.33000322861716,183.65221566237483,0.0,0.45414476531663794,169.76070025954817,181.574475,0.6397601866666667,0.023655339666666664,0.33658447333333336
2024-04-30,169.30000273201682,183.29673309185966,0.0,0.45328298945893397,169.88721131298192,181.472675,0.32828326,0.48832213,0.18339457933333334
2024-05-01,173.0299996982667,185.00895938477524,0.0,0.456483550381786,169.75671991009705,181.349225,0.571040065,0.3369469135,0.092013045
2024-05-02,183.38000011283117,185.57015400048874,0.0,0.4957125199018733,170.48411548563104,181.245725,0.3518427395714286,0.20744144685714286,0.44071581685714284
2024-05-03,181.70999973528473,184.52016149076016,0.0,0.49279385359729266,173.34986759993524,181.187125,0.58528538,0.106996637375,0.30771798
2024-05-06,182.39999946928918,183.32892115794056,1.0,0.5061953396635737,175.20767479994964,181.130025,0.438747255,0.01970686,0.54154587
2024-05-07,182.74000023188506,185.05448867310017,0.0,0.4990080215852263,176.80596928884972,181.082325,0.61098532,0.024700759333333332,0.3643139436666667
2024-05-08,184.56999837741938,184.76123284007693,1.0,0.5047535502367161,178.12464278021645,181.032275,0.51003265,0.025814272,0.4641531
2024-05-09,183.05000196354536,184.9087218358057,0.0,0.4972924876912379,179.5569443846128,180.987025,0.35582163333333333,0.23765324233333338,0.40652514466666667
2024-05-10,186.28000039921142,184.90560785623273,0.0,0.4982005436570448,180.33317896581,180.929775,0.35582163333333333,0.23765324233333338,0.40652514466666667
2024-05-13,187.43000142405134,184.17770742318248,0.0,0.4941488945581237,181.65469475118556,180.895075,0.49363662750000004,0.364268674125,0.142094714
2024-05-14,189.72000086042107,185.49769121133122,0.0,0.4898265172036761,182.93809591758875,180.853075,0.25282756266666667,0.4053383386666667,0.34183408033333335
2024-05-15,189.84000138866062,185.59405280269937,0.0,0.48706729564043283,184.44518571368013,180.819425,0.898432225,0.048131766250000006,0.053435974750000004
2024-05-16,189.87000041959618,184.58361708299165,0.0,0.4847806311272157,185.64403333286236,180.7906,0.88208574,0.02110596,0.09680829
2024-05-17,191.03999786206163,184.4741080672596,0.0,0.48090251657158206,186.5831370366707,180.77705,0.8335778,0.012489878,0.15393229
2024-05-20,192.35000105938667,183.4467766960075,0.0,0.4748364338501689,187.57355102852165,180.7764,0.3270950635,0.4732850425,0.19961986050000002
2024-05-21,190.90000091619652,185.54312800521336,0.0,0.4839862411093136,188.6349841332946,180.82820000000004,0.2373460865,0.38281911599999996,0.379834807
2024-05-22,186.87999863591193,184.58109771055075,0.0,0.49459692544391193,189.13832099256248,180.88845,0.79420173,0.008122103,0.19767618
2024-05-23,189.9799983345257,183.988882220534,0.0,0.4823522971874293,188.63647188310412,180.92385,0.8033027,0.009418979,0.18727833
2024-05-24,189.99000094783574,183.68979042862227,0.0,0.48136402146841006,188.9350336868588,180.9828,0.06430582,0.9239992,0.011694984
2024-05-28,190.290000066186,184.938315652992,0.0,0.48515865658879687,189.16947064533463,181.0429,0.02285009,0.3546045,0.6225454
2024-05-29,191.29000153185075,184.22030772081996,0.0,0.47811831648817865,189.4184771685936,181.1054,0.5352105424285715,0.19164494814285712,0.27314450742857144
2024-05-30,192.2500013532699,184.2076139596753,0.0,0.4717616672654336,189.83437113112836,181.16455,0.5452690076666666,0.013180246999999999,0.44155077000000004
2024-05-31,194.02999964574587,183.3094488754907,0.0,0.4634177397323624,190.3711775464332,181.23855,0.0918905,0.0102096265,0.89789987
2024-06-03,194.34999958621893,182.9654664473588,0.0,0.46567412240593503,191.18424920278136,181.32585,0.0918905,0.0102096265,0.89789987
2024-06-04,195.87000040459026,185.91252438261822,0.0,0.4717717447984915,191.88774937994103,181.4276,0.32133191850000004,0.26714449775,0.41152356975
2024-06-05,194.47999832327125,185.53422211172463,0.0,0.4709314348698959,192.7726939621764,181.5345,0.552096365,0.29095655,0.156947065
2024-06-06,196.88999828788053,185.4477838527156,0.0,0.4608474481103865,193.15209530391496,181.6277,0.043503214,0.06960649,0.88689023
2024-06-07,193.1199996773851,184.85889816263827,0.0,0.4754196932962551,193.98274079193385,181.726,0.043503214,0.06960649,0.88689023
2024-06-10,207.1500016096383,184.33681988721824,0.0,0.4233343417743686,193.79102061594853,181.78600000000003,0.51016100375,0.314453392125,0.17538559512500002
2024-06-11,213.0700005083898,185.45713900492632,0.0,0.401937938889648,196.7596827012933,181.93985,0.3874379355,0.149589912625,0.46297215075000003
2024-06-12,214.24000015310384,184.96102524093854,0.0,0.3916382098655795,200.38419765656147,182.11215,0.2764714721666667,0.0214664955,0.7020620283333333
2024-06-13,212.49000089156345,185.26482103593926,0.0,0.3984135099733922,203.46326484399225,182.2824,0.9053126,0.0354538615,0.059233538
2024-06-14,216.67000093983594,184.6132285181671,0.0,0.38477607018139226,205.46920598977172,182.42425,0.702353706,0.2117372318,0.0859090576
2024-06-17,214.29000000616222,184.2749322960164,0.0,0.39505447510049657,207.95827132537804,182.56935,0.48600923925,0.0627085415,0.45128224
2024-06-18,209.67999990023853,184.37872867878363,0.0,0.4101383682784851,209.3653221419607,182.70145,0.37623276333333333,0.30319321388888887,0.3205740496666667
2024-06-20,207.48999796773688,185.1974806771118,0.0,0.417910230022128,209.43525055485836,182.80255,0.45978347999999997,0.02382298,0.5163935
2024-06-21,208.14000046199305,183.9435423255919,0.0,0.41210385566426067,209.0029726537787,182.8915,0.136525895,0.52902576,0.334448344
2024-06-24,209.06999905022798,184.27545202669478,0.0,0.41241755561312154,208.81120095293895,183.01765,0.419611146,0.38067740619999996,0.19971146220000002
2024-06-25,213.24999909850047,185.36145130164115,0.0,0.39889001998259294,208.86871185228583,183.1752,0.453805315,0.10983915,0.4363555635
2024-06-26,214.10000100499013,184.48462160225347,0.0,0.3921487813648302,209.8423314406668,183.35055,0.3967153033333333,0.029859078666666667,0.5734256666666667
2024-06-27,210.6199988995349,184.36664273826284,0.0,0.40334395160711883,210.7884800094075,183.52425,0.374325981,0.0109590265,0.614714965
2024-06-28,216.74999982382988,184.23898719376047,0.0,0.38106091403838777,210.75104000731693,183.69585,0.07980738166666668,0.296904992,0.6232876253333334
2024-07-01,220.26999916903347,183.50307057567093,0.0,0.3688379405359214,212.0841422279132,183.90855,0.043204736,0.4853316155,0.471463647
2024-07-02,221.54999893092568,186.2680201666252,0.0,0.37399754259840867,213.90322173282132,184.13120000000004,0.93856984,0.038448475,0.022981688
2024-07-03,226.3399998292087,185.49329552305142,0.0,0.3534561128622282,215.6025057921944,184.3639,0.35130748,0.6215108,0.027181786
2024-07-05,227.82000010445873,186.27407194588017,0.0,0.34682116841693766,217.9886156161512,184.60575,0.35130748,0.6215108,0.027181786
2024-07-08,228.68000021976113,185.6449864091799,0.0,0.34361728146929377,220.17336770145093,184.8495,0.40593880250000003,0.11058201425,0.4834791625
2024-07-09,232.97999969514888,185.12900836248483,0.0,0.3255849543614176,222.06373043446183,185.11545,0.247976824,0.02813013675,0.72389306
2024-07-10,227.56999973804253,185.3047830397094,0.0,0.34634484935998083,224.4895681156925,185.4107,0.13455487033333333,0.17774974183333334,0.6876953681666667
2024-07-11,230.53999959847968,185.21585623974036,0.0,0.3333908717662448,225.17410853442752,185.6746,0.352692428,0.443613447,0.203694087
2024-07-12,234.39999970627912,185.60232004408329,0.0,0.3190644901654227,226.3665288601103,185.9469,0.27266997066666665,0.6434647666666667,0.08386527666666667
2024-07-15,234.82000045399323,185.76164392398823,0.0,0.3200593724260222,228.1517446689747,186.2591,0.43140728566666664,0.0274782215,0.5411145133333334
2024-07-16,228.87999963199462,184.6034241072344,0.0,0.33869680269097,229.6335791869803,186.58105,0.9016991,0.02949002,0.068810895
2024-07-17,224.17999912989129,184.77136318380792,0.0,0.3581202005036749,229.46611714542917,186.872,0.08766429,0.00864694,0.9036888
2024-07-18,224.31000006919223,184.65424760128306,0.0,0.3547740514468248,228.2914244464449,187.13685,0.91673994,0.012282829,0.0709772
2024-07-19,223.96000109778362,184.02134776994322,0.0,0.3547306906978175,227.40666345834603,187.38965,0.91673994,0.012282829,0.0709772
2024-07-22,225.01000021425813,183.509637681107,0.0,0.3511061289093658,226.64073824538025,187.64745,0.15970504,0.8210919,0.019202987
2024-07-23,218.54000072961588,186.1609952873559,0.0,0.38288704072410795,226.27835196862907,187.90420000000003,0.6518927333333334,0.08431174733333334,0.26379552666666667
2024-07-24,217.48999941089275,183.88639837795452,0.0,0.37869824388643236,224.5587181978226,188.12235,0.35844822925,0.22883517925000002,0.41271660875
2024-07-25,217.95999891054092,184.05071255327127,0.0,0.3741909452038686,222.9878919316398,188.32235,0.37937365999999995,0.439413711,0.18121266699999997
2024-07-26,218.239999409017,184.6945883918188,0.0,0.3756444196807538,221.8705826134976,188.5172,0.5850804986666667,0.336306335,0.078613126
2024-07-29,218.80000040596917,183.34349563942138,0.0,0.3721152376709016,221.06378647716485,188.71645,0.3547899686666667,0.5675859056666667,0.077624106
2024-07-30,222.08000089694227,185.28061996766235,0.0,0.3660449355586824,220.56072281557263,188.91145,0.9060017533333333,0.015614635333333335,0.07838361833333334
2024-07-31,218.35999993725656,183.87175342451732,0.0,0.3767567097713931,220.8983399676676,189.1183,0.761783,0.035269152,0.20294791
2024-08-01,219.85999993350507,183.8990040491537,0.0,0.3689700552338298,220.33426441929703,189.31585,0.37603962728571433,0.45906856399999996,0.1648918312857143
2024-08-02,209.27000066471012,185.20497272697546,0.0,0.41241614668357723,220.22887232611996,189.52155,0.36295442499999997,0.10311724500000001,0.5339283349999999
2024-08-05,207.23000049363225,183.4520004297749,0.0,0.4182254383335749,217.79356736475995,189.68215,0.93292904,0.023754355,0.04331657
2024-08-06,209.81999904835226,184.68896384879946,0.0,0.41520432349571773,215.44610795036888,189.8391,0.220711123,0.74142792,0.0378609615
2024-08-07,213.30999936262026,186.5967674386851,0.0,0.4036125942270467,214.19586173917577,190.0109,0.220711123,0.74142792,0.0378609615
2024-08-08,216.24000088218475,186.28997658553783,0.0,0.39008433797471226,213.9990035749145,190.21305,0.8283817,0.03414118125,0.13747709
2024-08-09,217.53000105513834,184.38900877542196,0.0,0.38126358601274707,214.49700278048903,190.42925,0.106721394,0.030631077,0.8626474
2024-08-12,221.27000063469825,183.5298234921153,0.0,0.36629863854233896,215.1710021626026,190.6497,0.487396085,0.015921265,0.49668259
2024-08-13,221.7199993122236,184.1823938082824,0.0,0.3662203470746965,216.5263350153576,190.90055,0.60272856,0.30791353666666665,0.089357867
2024-08-14,224.71999930472063,184.710453391001,0.0,0.3552733232227432,217.68048278972256,191.1747,0.7417555211111111,0.04521086044444444,0.213033621
2024-08-15,226.04999891967122,184.22291958770364,0.0,0.3479006799528845,219.244819947562,191.4572,0.12371187,0.03126332,0.84502477
2024-08-16,225.8899989494347,183.9877150287563,0.0,0.347709613263837,220.75708218143708,191.736,0.12371187,0.03126332,0.84502477
2024-08-19,226.51000021050663,183.30372302903402,0.0,0.3448904529433758,221.8977305855622,192.0116,0.8316774,0.015301505,0.15302116
2024-08-20,226.4000000933285,184.46340513888293,0.0,0.3500433461928065,222.92267934432616,192.2743,0.8117406,0.009094506,0.17916496
2024-08-21,224.53000030354855,184.01284268570646,0.0,0.3543781951031114,223.69541726780923,192.51845,0.38210058,0.598750175,0.019149212
2024-08-22,226.83999946091677,184.9311451314294,0.0,0.3454083218076768,223.88088009718496,192.75785,0.41997185,0.1943743543333333,0.385653795
2024-08-23,227.18000022351262,183.61583451488872,0.0,0.3398271264724359,224.53846229781053,192.9959,0.6322536750000001,0.0271549625,0.34059132
2024-08-26,228.02999992775364,182.46943196432198,0.0,0.33402908958854943,225.12547067607483,193.2227,0.915617855,0.048552588,0.035829535
2024-08-27,226.48999938838384,184.39925363608208,0.0,0.3490981656624714,225.77092163694712,193.4484,0.56225319,0.008945065166666667,0.42880170666666667
2024-08-28,229.78999960035543,183.5372935194926,0.0,0.33055192282553547,225.93071682873665,193.6688,0.15535110333333332,0.5292603473333334,0.31538857866666664
2024-08-29,229.00000016023418,184.8279697827778,0.0,0.33580295424824996,226.7883353112396,193.88575,0.7978064233333333,0.03175567866666667,0.17043793233333335
2024-08-30,222.77000063094675,183.7790783973678,0.0,0.3569931834008231,227.2798163531864,194.10675,0.39269036,0.5598926,0.047416948
2024-09-03,220.85000098810843,184.42920421754764,0.0,0.3660059135025756,226.2776349413672,194.2834,0.87743682,0.01629006,0.1062731175
2024-09-04,222.38000001529252,185.03750933610755,0.0,0.36566637181020484,225.0714938432856,194.4476,0.3379594123333334,0.27037480183333334,0.39166576
2024-09-05,220.81999975492423,184.9883947870013,0.0,0.367792150941728,224.47338410033325,194.61095,0.065717,0.9158103,0.018472793
2024-09-06,220.90999904997958,185.95673232176082,0.0,0.37155667274689447,223.66152096692585,194.7666,0.77502793,0.029160554,0.1958115
2024-09-09,220.10999919879694,183.56056247859297,0.0,0.3692152723294772,223.05007186316456,194.9139,0.5673751583333333,0.0206262,0.4119985993333333
2024-09-10,222.6600005137686,184.44482696937973,0.0,0.3617571794274077,222.3967225602391,195.06125,0.5275120416666667,0.26943137866666667,0.20305656400000002
2024-09-11,222.77000063094675,185.2822584406484,0.0,0.36275839732303505,222.45522865796372,195.218,0.5275120416666667,0.26943137866666667,0.20305656400000002
2024-09-12,222.50000054353208,184.9911299798087,0.0,0.3618027218514686,222.5251778450829,195.382,0.093642466,0.013459605,0.892898
2024-09-13,216.31999976617868,184.17536863512981,0.0,0.383852119503371,222.5195827683978,195.54555,0.73569983,0.037500996,0.2267991
2024-09-16,216.78999926582685,183.2153115552461,0.0,0.38032850690849646,221.14189770875385,195.67515,0.2966926988,0.4381539341,0.2651533504
2024-09-17,220.6900010178719,185.52539549918686,0.0,0.3709932271113108,220.1748093290308,195.81225000000003,0.666578536,0.248670047875,0.08475141475
2024-09-18,228.87000032205756,184.73699048707894,0.0,0.33894805903263675,220.2892961448017,195.96595,0.044208809,0.4873629135,0.468428297
2024-09-19,228.20000030905157,184.6435666953928,0.0,0.33845125943267396,222.19611922373463,196.1541,0.39445576125000004,0.28297875024999997,0.3225654865
2024-09-20,226.47000076850966,184.31827695369324,0.0,0.34271745150533556,223.53031495179363,196.34795,0.64904262,0.260306947,0.09065043066666667
2024-09-23,227.37000032580903,182.6058832898812,0.0,0.3366006405862648,224.18357829583948,196.5132,0.2006941,0.30395698,0.49534893
2024-09-24,226.3700010623929,185.19795636281742,0.0,0.3498475151324784,224.89167200787517,196.68845,0.2006941,0.30395698,0.49534893
2024-09-25,227.51999988498417,184.69440780743057,0.0,0.34268703354087593,225.22018933945844,196.84895,0.283338934,0.60342701,0.113234044
2024-09-26,227.78999997239885,185.49496042302113,0.0,0.3425396156729984,225.7312583751344,197.008,0.489756838,0.4487881145,0.061455010000000004
2024-09-27,233.00000051727167,184.3169291775273,0.0,0.31963173553961033,226.18875651399335,197.18105,0.8999704,0.01021519,0.08981445
2024-09-30,226.21000109215638,182.73641056660645,0.0,0.34319524275392754,227.7023661775504,197.3725,0.074903786,0.025421776,0.89967436
2024-10-01,226.7800002979213,184.35986421695762,0.0,0.345949249802047,227.37072924920588,197.51375,0.40901263399999993,0.3914706998,0.1995166838
2024-10-02,225.67000091732703,185.6053239112244,0.0,0.35198315415706166,227.2394560827157,197.6571,0.113105185,0.771218125,0.11567669450000001
2024-10-03,226.8000000189198,186.0793579303759,0.0,0.3497058554023773,226.89068806433443,197.7976,0.8620893,0.1187757,0.019134996
2024-10-04,221.69000028128804,184.0351690823901,0.0,0.3642951599072343,226.870535161149,197.95215,0.573691395,0.40171591,0.0245926695
2024-10-07,225.77000062344376,183.74413752049043,0.0,0.34815319618173546,225.7193051253381,198.0759,0.368896265,0.61369571,0.0174079695
2024-10-08,229.54000033506355,186.0078993665969,0.0,0.34139162639864734,225.7305706530408,198.2306,0.78906125,0.05810022,0.15283847
2024-10-09,229.03999960223115,184.36028264419866,0.0,0.3384810099389182,226.5771105079206,198.40490000000003,0.48086800799999996,0.477836505,0.0412955
2024-10-10,227.55000001704406,184.7672449788564,0.0,0.34243385669502496,227.12441928393824,198.5821,0.078161439,0.47561504115,0.4462235985
2024-10-11,231.30000000766535,183.87442254986559,0.0,0.3258319299678988,227.2189927763964,198.75460000000004,0.50966735,0.09294374650000001,0.397388927
2024-10-14,233.8500002215127,182.4690135370809,0.0,0.31263644930527296,228.12588327053052,198.94535,0.09140907599999999,0.42050343500000004,0.48808755
2024-10-15,231.77999991837493,184.98177482759797,0.0,0.3298119044802497,229.39790921041265,199.1467,0.32421471500000004,0.042176952000000004,0.6336083
2024-10-16,232.14999971190633,184.375491373287,0.0,0.3235424285494412,229.92726271920984,199.34295,0.16917464333333332,0.6400828399999999,0.190742533
2024-10-17,235.00000014522826,185.62213587732057,0.0,0.31671641650397686,230.4212043371632,199.5755,0.8093205,0.1641021,0.02657734
2024-10-18,236.47999986991613,183.8282017554686,0.0,0.3070340777816408,231.43871448446023,199.82925,0.3947129773333333,0.03998856433333333,0.5652984766666668
2024-10-21,235.86000026053065,182.86674404545164,0.0,0.3058733660896732,232.5590001545802,200.1021,0.046893867,0.013505864499999999,0.93960033
2024-10-22,230.75999983283597,184.66630271032295,0.0,0.3335340924969033,233.2925556757846,200.3755,0.3107773045,0.64377325,0.0454494255
2024-10-23,230.56999973053956,185.59503941008882,0.0,0.33396257958407694,232.72976552561025,200.6015,0.3872310764285714,0.3906337102857143,0.2221352144285714
2024-10-24,231.4100001248435,184.83995001536405,0.0,0.3264682318090892,232.2498176310302,200.82865,0.49749803,0.027780547000000003,0.47472141000000007
2024-10-25,233.400000442863,183.08524234623738,0.0,0.3148984509047365,232.06319149080127,201.05475,0.27473086874999997,0.25391881175000003,0.47135027825
2024-10-28,233.67000053027766,183.06115415064397,0.0,0.31461759946370593,232.360260048401,201.2938,0.585128052,0.25302499380000004,0.161846936
2024-10-29,230.1000002308914,184.7145231464825,0.0,0.3351752200191912,232.65131337097856,201.53255,0.596486,0.023580175999999998,0.37993381666666665
2024-10-30,225.9099997715575,183.6315497611636,0.0,0.34619574604106407,232.08435484409443,201.7649,0.38301860000000004,0.480181948,0.136799474
2024-10-31,222.90999977906046,185.07797785706424,0.0,0.359428026001905,230.71227598985124,201.98105,0.351795081625,0.180558746125,0.467646169625
2024-11-01,222.0100002217611,183.69424337536663,0.0,0.35782057240186654,228.97843688099545,202.15245,0.4902074315,0.32761767325,0.1821749215
2024-11-04,223.44999995388983,184.38212454618215,0.0,0.3581532173105827,227.4298953518853,202.30470000000005,0.2853666,0.012714678,0.7019187
2024-11-05,222.72000077788837,185.53096278374161,0.0,0.3673608861532624,226.54547416257748,202.4525,0.6977531475000001,0.024223865,0.27802300750000003
2024-11-06,227.4800004429872,184.64091078353636,0.0,0.3457357322820702,225.69536879311585,202.5902,0.45273521000000005,0.15989974425,0.38736508000000003
2024-11-07,226.95999998915633,184.69643387617674,0.0,0.34433223619688846,226.09195350575675,202.75510000000003,0.022041494,0.02562168,0.9523369
2024-11-08,224.22999898294967,184.54269049431844,0.0,0.356337257204293,226.28485272669968,202.91905,0.14856605,0.010531334,0.84090257
2024-11-11,224.22999898294967,183.683315817629,0.0,0.355085926971012,225.8282187874331,203.0781,0.14856605,0.010531334,0.84090257
2024-11-12,225.12000033143627,185.43099831360308,0.0,0.3582908302262106,225.4730590568924,203.2406,0.246214447,0.43136887999999995,0.322416695
2024-11-13,228.22000003005004,185.55454446214847,0.0,0.3436360342729262,225.3946014886941,203.426,0.466221046,0.48548209999999997,0.048296806
2024-11-14,224.99999980319672,185.39823766287648,0.0,0.3542301291567649,226.02246782453983,203.6451,0.7722267435,0.034110281374999996,0.193662982
2024-11-15,228.01999951669222,184.2048831713652,0.0,0.34038946252144814,225.79525275241988,203.8358,0.38739705,0.5716323,0.040970646
2024-11-18,228.28000029416984,184.70009401341173,0.0,0.34051091950872003,226.28964102965992,204.04665,0.57472851,0.224092747,0.20117876
2024-11-19,229.00000016023418,184.9040971136676,0.0,0.3401677517783155,226.7319430230688,204.24965,0.5499726685999999,0.2323582472,0.21766908100000001
2024-11-20,228.5200002495246,184.48539238927646,0.0,0.3393129554298792,227.23595568460908,204.44815,0.0912204885,0.883538175,0.025241329
2024-11-21,229.8699995854737,185.64562946578195,0.0,0.3368390716616049,227.52129886580707,204.6437,0.7513428866666666,0.015109312333333333,0.2335477933333333
2024-11-22,232.8699995779707,183.54286961304192,0.0,0.31922877672748073,228.0432324511833,204.85145,0.088162936,0.8985583,0.013278748
2024-11-25,235.06000040934802,184.7355898569457,0.0,0.3147835215383075,229.11584746203144,205.07155,0.38933669000000004,0.32573239075,0.28493094025
2024-11-26,234.92999947004708,184.3220604168519,0.0,0.31139876810609113,230.43677024824663,205.3111,0.150078575,0.4507430245,0.3991784115
2024-11-27,237.33000012471928,184.8305816496615,0.0,0.3054549844853471,231.43526574863628,205.56055,0.32427716333333334,0.33340990583333335,0.34231292166666666
2024-11-29,239.58999997959128,184.4481127243464,0.0,0.2947241606374556,232.74520669338375,205.82645,0.32427716333333334,0.33340990583333335,0.34231292166666666
2024-12-02,242.64999996092703,183.0722094388026,0.0,0.28002956072652424,234.26627187263185,206.1051,0.47002281999999995,0.466318112,0.0636590165
2024-12-03,243.01000003159973,185.7866790864956,0.0,0.2897895275951779,236.1293225676025,206.4068,0.09791315249999999,0.4702538825,0.431832985
2024-12-04,243.0400000260191,185.05370467258533,0.0,0.2864544124445264,237.65836199702417,206.71405,0.7081052050000001,0.17827380275,0.1136209745
2024-12-05,242.84000006322344,184.7804893021604,0.0,0.286107161742325,238.854281553241,207.01765,0.46489560999999996,0.2578205513333333,0.277283811
2024-12-06,246.75000002408123,184.403217683629,0.0,0.26890498532812507,239.7399967636319,207.31,0.602739075,0.2116809985,0.1855799575
2024-12-09,247.77000010962018,183.42177236498105,0.0,0.2635465090741319,241.29777526060255,207.63115,0.69847393,0.00761463,0.29391137
2024-12-10,246.48999993480635,184.56391576668352,0.0,0.27329316204596193,242.73604742491312,207.9642,0.87325233,0.00886801,0.11787962
2024-12-11,247.9599999366355,184.5423557525256,0.0,0.26749906707101606,243.57025910826576,208.2835,0.8300317939999999,0.050114743399999995,0.1198534542
2024-12-12,248.13000004265237,184.44776036456446,0.0,0.26510384201717613,244.5457570842067,208.6162,0.5128410323333333,0.019387558333333336,0.46777140333333334
2024-12-13,251.0399999142508,183.26147068668124,0.0,0.24941671006600025,245.34225550993852,208.9531,0.83135206,0.007960273,0.16068766
2024-12-16,253.48000001091998,182.95843686970898,0.0,0.2409325612108791,246.60842095217444,209.31,0.561455582,0.05693808566666667,0.38160637166666667
2024-12-17,248.0500000575341,184.2164581902022,0.0,0.26490339291624193,248.1354385183579,209.7019,0.561455582,0.05693808566666667,0.38160637166666667
2024-12-18,249.78999973385632,184.060565413674,0.0,0.25676467136332787,248.11645218094503,210.09155,0.12818266566666667,0.6174830206666667,0.25433431866666667
2024-12-19,254.48999968539752,185.30575643360703,0.0,0.24184984362391515,248.48835169629055,210.4949,0.55879254,0.11317926249999999,0.32802818499999997
2024-12-20,255.26999981558168,183.51728388837523,0.0,0.23301387823480607,249.82205131933716,210.92235,0.55879254,0.11317926249999999,0.32802818499999997
2024-12-23,258.20000023402184,182.21502379725848,0.0,0.21806572174424926,251.03270658170663,211.34505,0.445000385,0.117237706,0.43776189499999996
2024-12-24,259.019999806203,184.47600200108758,0.0,0.22430614817713176,252.6254384524385,211.77230000000003,0.918913,0.027744852,0.05334218
2024-12-26,255.5899997560547,184.1231929604179,0.0,0.23700239527001157,254.0464521296744,212.20125,0.1167017525,0.428699579,0.45459863149999996
2024-12-27,252.20000024902777,183.6078183298494,0.0,0.24564887493252732,254.38946276752452,212.62355,0.1167017525,0.428699579,0.45459863149999996
2024-12-30,250.41999975430318,183.14356669914426,0.0,0.25149021561026724,253.9029154858524,213.01955,0.9156928,0.010219373,0.07408778
