Date,Actual_Close,Predicted_Close,Signal,Confidence
2022-10-06,145.43,149.23060259661804,1.0,0.9716372940550893
2022-10-07,140.09,152.98860736209787,1.0,0.9037417361037473
2022-10-10,140.42,146.62608643597014,1.0,0.9536859221196258
2022-10-11,138.98,147.84410156029256,1.0,0.9338499883560256
2022-10-12,138.34,149.9025908955547,1.0,0.9137120082421291
2022-10-13,142.99,148.13916549735677,1.0,0.9615733918107704
2022-10-14,138.38,144.78597083777163,1.0,0.9521942474793161
2022-10-17,142.41,148.09989116615174,1.0,0.9575381256257333
2022-10-18,143.75,148.90806688583132,1.0,0.9615069635385722
2022-10-19,143.86,149.2905402112963,1.0,0.9594735805127143
2022-10-20,143.39,148.85270936808658,1.0,0.9592335121784583
2022-10-21,147.27,147.79970985155217,1.0,0.9960469414063272
2022-10-24,149.45,146.31760809961787,-1.0,0.9766239410419245
2022-10-25,152.34,150.56365742488066,-1.0,0.986743712125975
2022-10-26,149.35,147.7732245602461,-1.0,0.9882330191063141
2022-10-27,144.8,150.7294040866023,1.0,0.9557507157716247
2022-10-28,155.74,152.0818010165304,-1.0,0.9727000075860476
2022-10-31,153.34,152.3778338202536,-1.0,0.9928196553750269
2022-11-01,150.65,150.30699583902836,-1.0,0.9974402674554355
2022-11-02,145.03,152.21871068332817,1.0,0.9463529053482973
2022-11-03,138.88,153.8130424258915,1.0,0.8885593848814067
2022-11-04,138.38,153.2732956180319,1.0,0.8888560028505081
2022-11-07,138.92,152.46844046862913,1.0,0.8988922353087377
2022-11-08,139.5,150.39856254618417,1.0,0.9186674436851927
2022-11-09,134.87,153.42641178167145,1.0,0.8615193150621534
2022-11-10,146.87,154.82684688212933,1.0,0.9406205456557513
2022-11-11,149.7,151.49322332905632,1.0,0.9866177363503259
2022-11-14,148.28,153.0543846003664,1.0,0.9643702641763701
2022-11-15,150.04,149.8791531302852,-1.0,0.998799650226009
2022-11-16,148.79,150.89528286650472,1.0,0.9842889338320543
2022-11-17,150.72,152.962835508968,1.0,0.9832624215748657
2022-11-18,151.29,148.26702947271087,-1.0,0.9774405184530662
2022-11-21,148.01,155.66583256156565,1.0,0.9428669211823458
2022-11-22,150.18,154.11955660528957,1.0,0.9706003238411226
2022-11-23,151.07,155.1382582420948,1.0,0.9696398638649641
2022-11-25,148.11,153.8968229682603,1.0,0.9568147539682068
2022-11-28,144.22000000000003,151.8146756707607,1.0,0.9433233158898457
2022-11-29,141.16999999999996,152.6683528918992,1.0,0.9141913963291102
2022-11-30,148.03,154.7548336657282,1.0,0.9498146741363567
2022-12-01,148.31,152.63332395823636,1.0,0.9677363883713704
2022-12-02,147.81,152.34864451018106,1.0,0.9661295185807384
2022-12-05,146.63,152.8561368661741,1.0,0.9535362920434769
2022-12-06,142.91,154.28560273488762,1.0,0.9151074422769581
2022-12-07,140.94,151.94041694734364,1.0,0.9179073362138535
2022-12-08,142.65,150.7217764636322,1.0,0.9397628622116999
2022-12-09,142.16,151.48348181519384,1.0,0.9304217774985534
2022-12-12,144.49,153.78564111519876,1.0,0.9306295439164273
2022-12-13,145.47,153.9390567467147,1.0,0.9367980839797411
2022-12-14,143.21,153.25314319152437,1.0,0.9250511702125047
2022-12-15,136.5,149.7514653125055,1.0,0.9011084678171231
2022-12-16,134.51,152.15839432986502,1.0,0.8682955647024998
2022-12-19,132.37,150.57532786418244,1.0,0.864139344297146
2022-12-20,132.3,148.8752575376055,1.0,0.8763040482268246
2022-12-21,135.45,146.90327918711483,1.0,0.9145277672603369
2022-12-22,132.23,148.93013062202073,1.0,0.8753721595371586
2022-12-23,131.86,150.66003323381668,1.0,0.8597012445237562
2022-12-27,130.03,146.92817025237287,1.0,0.8738942518479637
2022-12-28,126.04,147.34657972300866,1.0,0.8409956737088906
2022-12-29,129.61,146.61308600698186,1.0,0.8731112984553593
2022-12-30,129.93,148.15350472391026,1.0,0.864003696090222
2023-01-03,125.07,143.72097499042286,1.0,0.8608136194744562
2023-01-04,126.36,145.88521171757733,1.0,0.854289464794199
2023-01-05,125.02000000000001,143.6154566033772,1.0,0.8612279357956926
2023-01-06,129.62,146.09539412743297,1.0,0.8770492975564704
2023-01-09,130.15,145.45737781671292,1.0,0.8857658371887096
2023-01-10,130.73,144.2214650828348,1.0,0.899317424754964
2023-01-11,133.49,144.0023514839588,1.0,0.9215496157913523
2023-01-12,133.41,144.92465969607056,1.0,0.9140697037606674
2023-01-13,134.76,142.8473391161086,1.0,0.9396467230141149
2023-01-17,135.94,145.0036135209017,1.0,0.9323610931275993
2023-01-18,135.20999999999998,145.53035109189432,1.0,0.9229824545381019
2023-01-19,135.27,145.59055294293415,1.0,0.9229809481870587
2023-01-20,137.87,147.35801234958507,1.0,0.9291939376896637
2023-01-23,141.11,146.76505714638802,1.0,0.9577980809971044
2023-01-24,142.53,147.07819485058226,1.0,0.9660582473837145
2023-01-25,141.86,148.18505454547932,1.0,0.9527981004068709
2023-01-26,143.96,147.2313022063431,1.0,0.975587296967589
2023-01-27,145.93,148.86835216069034,1.0,0.9780719988008184
2023-01-30,143.0,148.4777403552896,1.0,0.9591213406321671
2023-01-31,144.29,147.1674098541203,1.0,0.9785267921334305
2023-02-01,145.43,151.89885256767184,1.0,0.95172498083827
2023-02-02,150.82,151.5804037126104,1.0,0.9943253454282805
2023-02-03,154.5,156.2099304615121,1.0,0.9872393249140888
2023-02-06,151.73,150.8600777752675,-1.0,0.9935080430990114
2023-02-07,154.65,151.11237946115423,-1.0,0.9735998467250315
2023-02-08,151.92,154.71856282116613,1.0,0.9791152028271183
2023-02-09,150.87,155.79352918722407,1.0,0.9632572448714622
2023-02-10,151.01,149.09908335159585,-1.0,0.985739427996984
2023-02-13,153.84999999999997,152.10082603456198,-1.0,0.9869464629444926
2023-02-14,153.2,156.93259929459407,1.0,0.9721447813836263
2023-02-15,155.33,159.78945237264358,1.0,0.9667205046817644
2023-02-16,153.71,153.96994597737992,1.0,0.9980601046464186
2023-02-17,152.55,156.85981098486576,1.0,0.9678372314562258
2023-02-21,148.48,161.2497634326287,1.0,0.9047032579654574
2023-02-22,148.91,156.91848026500858,1.0,0.940235221902921
2023-02-23,149.4,151.67011195735665,1.0,0.9830588659898758
2023-02-24,146.70999999999998,156.70047645885106,1.0,0.9254442055309621
2023-02-27,147.92000000000002,154.41834627505165,1.0,0.9515048785443908
2023-02-28,147.41,159.4225425688739,1.0,0.9103541599337769
2023-03-01,145.31,155.78297734851952,1.0,0.9218434526229886
2023-03-02,145.91,152.49980532474513,1.0,0.9508223483227976
2023-03-03,151.03,157.29655845899313,1.0,0.9532346383657229
2023-03-06,153.83,155.37008160996137,1.0,0.9885068536570047
2023-03-07,151.6,151.96960625741622,1.0,0.9972417443476401
2023-03-08,152.87,156.13370707908362,1.0,0.9756439770217641
2023-03-09,150.59,156.21578770085978,1.0,0.9580165096950763
2023-03-10,148.5,154.87883098232493,1.0,0.9523967837139931
2023-03-13,150.47,153.51051821555285,1.0,0.9773095655555757
2023-03-14,152.58999999999997,154.09456865336563,1.0,0.9887718757211519
2023-03-15,152.99,155.80355255320552,1.0,0.9790033391551828
2023-03-16,155.85000000000002,157.0102055139813,1.0,0.991341749895662
2023-03-17,155.0,154.82155334701963,-1.0,0.998668308559848
2023-03-20,157.4,155.98826257780775,-1.0,0.9894646461030429
2023-03-21,159.28,156.10143501145964,-1.0,0.9762793657571615
2023-03-22,157.83,154.6894439741233,-1.0,0.9765630147322633
2023-03-23,158.93,154.7363723519346,-1.0,0.9687042712830939
2023-03-24,160.25,155.67479898210092,-1.0,0.9658567088216486
2023-03-27,158.28,157.30777088860157,-1.0,0.9927445588701609
2023-03-28,157.65,156.082691845547,-1.0,0.9883036704891567
2023-03-29,160.77,161.20952904264334,1.0,0.9967199325175871
2023-03-30,162.36,157.14958138682027,-1.0,0.9611162790061213
2023-03-31,164.9,159.98651985108762,-1.0,0.9633322376946837
2023-04-03,166.17000000000002,157.20981846937497,-1.0,0.9331329736520518
2023-04-04,165.63,162.06210527894206,-1.0,0.9733739199921049
2023-04-05,163.76,161.23297561579156,-1.0,0.9811416090730714
2023-04-06,164.66,160.49166931134158,-1.0,0.9688930545622506
2023-04-10,162.03,166.2658503627207,1.0,0.9683891763976067
2023-04-11,160.8,166.2471071968081,1.0,0.959349946292477
2023-04-12,160.1,164.11037747489092,1.0,0.9700718098888736
2023-04-13,165.56,166.09051192107478,1.0,0.9960409558128748
2023-04-14,165.21,157.3113468873612,-1.0,0.9410548275176208
2023-04-17,165.23,162.59824085652713,-1.0,0.9803600063919936
2023-04-18,166.47,161.99740260187718,-1.0,0.9666224074766954
2023-04-19,167.63,163.79176127013386,-1.0,0.9713564273890587
2023-04-20,166.65,167.84184410179245,1.0,0.9911056410313996
2023-04-21,165.02,166.92817641870334,1.0,0.9857598774723632
2023-04-24,165.33,163.92935795147173,-1.0,0.9895474473990427
2023-04-25,163.77,162.72306611372338,-1.0,0.9921870605501744
2023-04-26,163.76,159.39748415392023,-1.0,0.9674439115964197
2023-04-27,168.41,162.78453629929862,-1.0,0.9580189276067061
2023-04-28,169.68,159.55448459207454,-1.0,0.9244364521796608
2023-05-01,169.59,162.78127738417285,-1.0,0.9491886371953198
2023-05-02,168.54,167.68346963455804,-1.0,0.9936079823474481
2023-05-03,167.45,168.2615835621147,1.0,0.9939434062528753
2023-05-04,165.79,162.84487026851923,-1.0,0.9780214199143227
2023-05-05,173.57,166.52168400797348,-1.0,0.9474006269251752
2023-05-08,173.5,160.52767591954213,-1.0,0.9031916113398666
2023-05-09,171.77,164.58816966384575,-1.0,0.9464042512227293
2023-05-10,173.555,161.8269789565561,-1.0,0.9124774548996724
2023-05-11,173.75,165.29649927037428,-1.0,0.9369141736595096
2023-05-12,172.57,167.96695121110767,-1.0,0.965648889635132
2023-05-15,172.07,167.14615380122473,-1.0,0.9632548791136174
2023-05-16,172.07,161.85213425817568,-1.0,0.9237472705834007
2023-05-17,172.69,166.0392676826915,-1.0,0.9503676692738172
2023-05-18,175.05,167.4674740247483,-1.0,0.9434139852593155
2023-05-19,175.16,166.08161596356928,-1.0,0.9322508653997708
2023-05-22,174.2,161.6597966106034,-1.0,0.9064163926164432
2023-05-23,171.56,162.28330634507432,-1.0,0.930770942873689
2023-05-24,171.84,170.11696321413206,-1.0,0.9871415165233736
2023-05-25,172.99,169.82089517889392,-1.0,0.9763499640215964
2023-05-26,175.43,166.25578295734562,-1.0,0.9315356937115344
2023-05-30,177.3,166.77460224537046,-1.0,0.921452255562466
2023-05-31,177.25,164.94767204161334,-1.0,0.9081915824000996
2023-06-01,180.09,163.70897601806024,-1.0,0.8777535523735839
2023-06-02,180.95,164.63636637619248,-1.0,0.8782564654939738
2023-06-05,179.58,167.35767500864554,-1.0,0.9087886194675039
2023-06-06,179.21,173.4054860242278,-1.0,0.956682731524088
2023-06-07,177.82,166.65070181543962,-1.0,0.91664702847343
2023-06-08,180.57,163.69499791453427,-1.0,0.8740671486159274
2023-06-09,180.96,168.56222288640765,-1.0,0.9074792752716988
2023-06-12,183.79,170.29306794122644,-1.0,0.8992766264270631
2023-06-13,183.31,167.454632137577,-1.0,0.8816763592356491
2023-06-14,183.95,171.4783045448986,-1.0,0.9069276458574523
2023-06-15,186.01,172.34810018409166,-1.0,0.8980455237618781
2023-06-16,184.92,176.95058674532805,-1.0,0.9405267667561796
2023-06-20,185.01,171.41588310842175,-1.0,0.8985513664807594
2023-06-21,183.96,168.84359057206487,-1.0,0.8871909744183945
2023-06-22,187.0,168.83382263456622,-1.0,0.8644315121982553
2023-06-23,186.68,174.6466174262465,-1.0,0.9101986375093022
2023-06-26,185.27,170.1413081909095,-1.0,0.8870993148575336
2023-06-27,188.06,174.72253253291984,-1.0,0.9004666606934316
2023-06-28,189.25,178.33348535925774,-1.0,0.9185334728302816
2023-06-29,189.59,176.0303043453215,-1.0,0.8988082413829962
2023-06-30,193.97,181.0935750817076,-1.0,0.9039072767291612
2023-07-03,192.46,180.00297032698523,-1.0,0.9070370919924271
2023-07-05,191.33,176.625324996078,-1.0,0.8902636193737163
2023-07-06,191.81,181.06981142492555,-1.0,0.9198493389919816
2023-07-07,190.68,185.82949219764805,-1.0,0.963802180579463
2023-07-10,188.61,179.0494866281499,-1.0,0.9286528852847007
2023-07-11,188.08,179.2971113304372,-1.0,0.934456054704755
2023-07-12,189.77,183.7629876927522,-1.0,0.9551715499459119
2023-07-13,190.54,181.35728297053456,-1.0,0.9314722609741385
2023-07-14,190.69,181.970989535992,-1.0,0.9349327577312836
2023-07-17,193.99,179.86273568597124,-1.0,0.8945726543729197
2023-07-18,193.73,185.74355372499326,-1.0,0.9403996546641289
2023-07-19,195.1,180.44240860806107,-1.0,0.890614989612396
2023-07-20,193.13,178.14100238168658,-1.0,0.8881418088185565
2023-07-21,191.94,179.19283045035147,-1.0,0.9048718690324736
2023-07-24,192.75,180.596951648053,-1.0,0.9093056093138283
2023-07-25,193.62,182.80302579911955,-1.0,0.9192763119337279
2023-07-26,194.5,180.221700783137,-1.0,0.8934455282323657
2023-07-27,193.22,180.05975031714297,-1.0,0.9017891814712162
2023-07-28,195.83,189.11225025112267,-1.0,0.9498675391874826
2023-07-31,196.45,179.31371418182127,-1.0,0.8721172700135916
2023-08-01,195.605,178.6456718125504,-1.0,0.8734378493473911
2023-08-02,192.58,185.92024857996176,-1.0,0.950300362537028
2023-08-03,191.17,183.85818324593998,-1.0,0.9454342033279104
2023-08-04,181.99,181.7331503869608,-1.0,0.998083211842991
2023-08-07,178.85,177.01332526543877,-1.0,0.9862934721301401
2023-08-08,179.8,181.1540499769877,1.0,0.9898951494254651
2023-08-09,178.19,180.16151654785463,1.0,0.9852871899413833
2023-08-10,177.97,175.67616596569337,-1.0,0.982881835564876
2023-08-11,177.79,170.54120350047938,-1.0,0.9459045037349209
2023-08-14,179.46,175.15931083462274,-1.0,0.9679053047359906
2023-08-15,177.45,174.86797263025636,-1.0,0.980731139031764
2023-08-16,176.57,174.71641546114998,-1.0,0.9861672795608207
2023-08-17,174.0,167.59225524255095,-1.0,0.9521810092727683
2023-08-18,174.49,173.37632313779142,-1.0,0.9916889786402344
2023-08-21,175.84,172.67077682093787,-1.0,0.9763490807532677
2023-08-22,177.23,167.831195376422,-1.0,0.9298596669882239
2023-08-23,181.12,165.88209108696282,-1.0,0.886284261843006
2023-08-24,176.38,171.20740942703748,-1.0,0.9613985778137125
2023-08-25,178.61,168.8306870297425,-1.0,0.9270200524607648
2023-08-28,180.19,170.7575250018017,-1.0,0.9296083955358335
2023-08-29,184.12,164.71177943377887,-1.0,0.855162533087902
2023-08-30,187.65,166.5752711420958,-1.0,0.842725904045491
2023-08-31,187.87,167.37978278422855,-1.0,0.8470879312255861
2023-09-01,189.46,170.48185601367524,-1.0,0.8583720598035465
2023-09-05,189.7,169.2284860641774,-1.0,0.8472275079416224
2023-09-06,182.91,174.5816064734265,-1.0,0.9378478095031828
2023-09-07,177.56,169.24996848037142,-1.0,0.9379848394057568
2023-09-08,178.18,168.37197270609158,-1.0,0.92680576646337
2023-09-11,179.36,166.54359801022468,-1.0,0.9043552090315273
2023-09-12,176.3,167.60587222304952,-1.0,0.9351184494257425
2023-09-13,174.21,163.80211052762792,-1.0,0.9223291830419993
2023-09-14,175.74,165.23304731208742,-1.0,0.9215899053140851
2023-09-15,175.01,165.81693040020457,-1.0,0.9313950029866013
2023-09-18,177.97,164.6177817520968,-1.0,0.9003565802395282
2023-09-19,179.07,169.44460498428919,-1.0,0.9281686939126059
2023-09-20,175.49,162.82443598989272,-1.0,0.9054808655962142
2023-09-21,173.93,163.48883189737415,-1.0,0.9220808350550309
2023-09-22,174.79,165.17322419983248,-1.0,0.9282330164166603
2023-09-25,176.08,166.6254672429116,-1.0,0.9294437853948627
2023-09-26,171.96,161.28155106692319,-1.0,0.920310082588979
2023-09-27,170.43,163.26716401366983,-1.0,0.9465460001020136
2023-09-28,170.69,161.69260595882918,-1.0,0.9328552683494715
2023-09-29,171.21,166.6880207975692,-1.0,0.9662538865490239
2023-10-02,173.75,164.68387607399922,-1.0,0.9323423587611882
2023-10-03,172.4,165.77983161504295,-1.0,0.950595758321216
2023-10-04,173.66,164.39779617322768,-1.0,0.9308790759196095
2023-10-05,174.91,162.6944052763739,-1.0,0.908838845346074
2023-10-06,177.49,162.01236718781962,-1.0,0.8844952775210418
2023-10-09,178.99,168.45063587092505,-1.0,0.9213480288875003
2023-10-10,178.39,163.03755142336155,-1.0,0.8854294882340414
2023-10-11,179.8,166.3348336688427,-1.0,0.8995136840958409
2023-10-12,180.71,166.52678376975138,-1.0,0.8941551027593385
2023-10-13,178.85,165.1112255415341,-1.0,0.8974718323995083
2023-10-16,178.72,167.6712883382906,-1.0,0.917546927897691
2023-10-17,177.15,167.8417295993691,-1.0,0.9305352955176798
2023-10-18,175.84,166.5670005439793,-1.0,0.9307985115222336
2023-10-19,175.46,168.36823816551504,-1.0,0.9470764042202614
2023-10-20,172.88,166.90362005283663,-1.0,0.9554001496480345
2023-10-23,173.0,168.65856346382878,-1.0,0.9676012198793192
2023-10-24,173.44,167.39588358652568,-1.0,0.9548946536307887
2023-10-25,171.09999999999997,168.17240379009155,-1.0,0.9781522670902357
2023-10-26,166.89,166.7287572366415,-1.0,0.9987966957958323
2023-10-27,168.22,165.29461438432855,-1.0,0.9781687640621534
2023-10-30,170.29,166.42220782572858,-1.0,0.9711358792964819
2023-10-31,170.77,163.38910028664645,-1.0,0.9449186588555705
2023-11-01,173.97,164.04963834324928,-1.0,0.9259674503227558
2023-11-02,177.57,166.98832542247087,-1.0,0.9210322792721707
2023-11-03,176.65,166.77435562476634,-1.0,0.9263011613788532
2023-11-06,179.23,163.2321879272793,-1.0,0.8806133427408904
2023-11-07,181.82,169.06360257457015,-1.0,0.904803004287837
2023-11-08,182.89,165.93898117560457,-1.0,0.8734998595194372
2023-11-09,182.41,168.60876371755535,-1.0,0.8970056993847414
2023-11-10,186.4,167.65161153723383,-1.0,0.860086653262939
2023-11-13,184.8,169.98684442182608,-1.0,0.8894540628494483
2023-11-14,187.44,172.25768730904792,-1.0,0.8866991590227457
2023-11-15,188.01,171.51022870131322,-1.0,0.8768673783680092
2023-11-16,189.71,168.09322096041373,-1.0,0.8386807534359233
2023-11-17,189.69,179.59841564957338,-1.0,0.924689669026667
2023-11-20,191.45,176.77215673825202,-1.0,0.8904638562556122
2023-11-21,190.64,178.5611249847331,-1.0,0.9098591416771129
2023-11-22,191.31,178.97841585477167,-1.0,0.9079732526475497
2023-11-24,189.97,178.89905246358012,-1.0,0.9173809885341799
2023-11-27,189.79,182.24798851380496,-1.0,0.9437163321925743
2023-11-28,190.4,180.98610134558646,-1.0,0.9297470249670631
2023-11-29,189.37,177.89761867300217,-1.0,0.9143852139776281
2023-11-30,189.95,183.90384328921584,-1.0,0.9548794275314616
2023-12-01,191.24,180.98370560257507,-1.0,0.9234604895714557
2023-12-04,189.43,182.71210206711018,-1.0,0.9498664333366431
2023-12-05,193.42,179.99746540278628,-1.0,0.8998318313640767
2023-12-06,192.32,186.56783905484866,-1.0,0.9570734257824527
2023-12-07,194.27,178.5719102322237,-1.0,0.8828500763598782
2023-12-08,195.71,182.28446634351693,-1.0,0.8998094503247531
2023-12-11,193.18,178.83098077290546,-1.0,0.892917766961981
2023-12-12,194.71,183.5679768539889,-1.0,0.9168505735372305
2023-12-13,197.96,182.13962518193327,-1.0,0.8819375013577109
2023-12-14,198.11,183.3335243343249,-1.0,0.8897277935397379
2023-12-15,197.57,184.443915988588,-1.0,0.9020441491685672
2023-12-18,195.89,184.1148184081561,-1.0,0.9121255105086278
2023-12-19,196.94,182.25850512099464,-1.0,0.890436605380557
2023-12-20,194.83,183.84707651087615,-1.0,0.9180378844095234
2023-12-21,194.68,185.89826851862017,-1.0,0.9344646904374639
2023-12-22,193.6,183.33234407857663,-1.0,0.92337570207893
2023-12-26,193.05,183.820908303204,-1.0,0.9311261813671938
2023-12-27,193.15,183.25258873678212,-1.0,0.9261387219162844
2023-12-28,193.58,184.812411210527,-1.0,0.9345702329143803
2023-12-29,192.53,185.3671798555407,-1.0,0.9465461183249306
2024-01-02,185.64,182.60250122827858,-1.0,0.977332098718497
2024-01-03,184.25,179.18818429432756,-1.0,0.9622252559278176
2024-01-04,181.91,182.59487800924785,1.0,0.9948889700802399
2024-01-05,181.18,182.5988327467924,1.0,0.9894116959194598
2024-01-08,185.56,174.80576258286877,-1.0,0.9197444968870803
2024-01-09,185.14,175.19924575673167,-1.0,0.9258152668412812
2024-01-10,186.19,177.3442196531292,-1.0,0.9339867138293223
2024-01-11,185.59,177.76563261040792,-1.0,0.9416091985851337
2024-01-12,185.92,177.668706309052,-1.0,0.9384231814108359
2024-01-16,183.63,173.67570293542764,-1.0,0.925714201010654
2024-01-17,182.68,173.0808232107306,-1.0,0.9283643523188851
2024-01-18,188.63,174.7962148423381,-1.0,0.8967627973308813
2024-01-19,191.56,174.71269853633083,-1.0,0.8742738696741107
2024-01-22,193.89,173.59137190063893,-1.0,0.8485177007510369
2024-01-23,195.18,172.17774259786097,-1.0,0.8283413626706042
2024-01-24,194.5,177.8781488570953,-1.0,0.8759563347544426
2024-01-25,194.17,174.31003755284343,-1.0,0.8517913250212197
2024-01-26,192.42,178.89116500818784,-1.0,0.8990385448372228
2024-01-29,191.73,174.24835597817892,-1.0,0.8695399699864099
2024-01-30,188.04,182.63591391619659,-1.0,0.9596709993746014
2024-01-31,184.4,182.52544550131122,-1.0,0.986010787323218
2024-02-01,186.86,179.25035030232158,-1.0,0.9432115694203101
2024-02-02,185.85,177.31264781186331,-1.0,0.9362884165064427
2024-02-05,187.68,176.10133107930614,-1.0,0.9135920229798965
2024-02-06,189.3,176.90746337112307,-1.0,0.90751838336659
2024-02-07,189.41,174.12220953917492,-1.0,0.88591201148638
2024-02-08,188.32,171.9373447600621,-1.0,0.8777413788064337
2024-02-09,188.85,176.06959188834463,-1.0,0.9046238200622734
2024-02-12,187.15,174.94228910694233,-1.0,0.9088976799025547
2024-02-13,185.04,178.50757308212562,-1.0,0.9512505453889972
2024-02-14,184.15,172.2258864629354,-1.0,0.9110140780816074
2024-02-15,183.86,172.20581771127567,-1.0,0.9130284903826541
2024-02-16,182.31,174.610157212292,-1.0,0.9425384866588955
2024-02-20,181.56,167.5496603410691,-1.0,0.8954452264258889
2024-02-21,182.32,167.69561569931062,-1.0,0.8908628037261987
2024-02-22,184.37,171.670888813075,-1.0,0.9052305135304105
2024-02-23,182.52,174.6088052029087,-1.0,0.9409612328575276
2024-02-26,181.16,169.4896660918122,-1.0,0.9129079559090464
2024-02-27,182.63,169.17695116579642,-1.0,0.8996041131775853
2024-02-28,181.42,168.2169980800425,-1.0,0.9014701349256903
2024-02-29,180.75,171.57030283811162,-1.0,0.9314947972993404
2024-03-01,179.66,168.90622339763095,-1.0,0.9197479358032161
2024-03-04,175.1,170.2609015681471,-1.0,0.9638873251354261
2024-03-05,170.12,166.6381946276596,-1.0,0.9740163778183552
2024-03-06,169.12,172.29168572090072,1.0,0.9763307035753678
2024-03-07,169.0,164.05968813286694,-1.0,0.9631320009915443
2024-03-08,170.73,164.5182351068222,-1.0,0.9536435455733001
2024-03-11,172.75,160.49112322286106,-1.0,0.9085158449467243
2024-03-12,173.23,166.43490878684042,-1.0,0.9492903640808987
2024-03-13,171.13,164.55311430654677,-1.0,0.9509187634816924
2024-03-14,173.0,161.2691671894452,-1.0,0.9124564715630239
2024-03-15,172.62,160.27070605793472,-1.0,0.9078410899845873
2024-03-18,173.72,165.3594315638168,-1.0,0.9376076982374388
2024-03-19,176.08,158.22341153652354,-1.0,0.8667418771382353
2024-03-20,178.67,158.01516685998595,-1.0,0.8458594541789997
2024-03-21,171.37,160.3474226815714,-1.0,0.9177419603102343
2024-03-22,172.28,160.666866826928,-1.0,0.9133348270666267
2024-03-25,170.85,163.45626036187377,-1.0,0.9448228385214461
2024-03-26,169.70999999999998,159.9719075802939,-1.0,0.9273276685096561
2024-03-27,173.31,161.58019981062577,-1.0,0.9124641776912371
2024-03-28,171.48,167.0795310065992,-1.0,0.9671606791537255
2024-04-01,170.03,161.2538767119902,-1.0,0.9345065426267924
2024-04-02,168.84,161.4188923197782,-1.0,0.9446185994013298
2024-04-03,169.65,163.00806264541256,-1.0,0.9504333033239744
2024-04-04,168.82,163.23274282363857,-1.0,0.958304050922676
2024-04-05,169.57999999999998,163.98922510312025,-1.0,0.9582777992770168
2024-04-08,168.45,163.80340528579953,-1.0,0.9653239200432802
2024-04-09,169.67,167.66181106078966,-1.0,0.9850135153790274
2024-04-10,167.78,162.30594259338045,-1.0,0.9591488253237347
2024-04-11,175.04,159.7447347723906,-1.0,0.8858562296447059
2024-04-12,176.55,158.10594085805712,-1.0,0.8623577675974411
2024-04-15,172.69,164.30023130066468,-1.0,0.9373897858258557
2024-04-16,169.38,161.48481929198493,-1.0,0.9410807409849622
2024-04-17,168.0,162.5888164262985,-1.0,0.9596180330320784
2024-04-18,167.04,160.56942526466705,-1.0,0.9517121288407989
2024-04-19,165.0,167.73731219716325,1.0,0.9795722970360952
2024-04-22,165.84,161.23321342851696,-1.0,0.9656209957352012
2024-04-23,166.9,162.93475467083985,-1.0,0.970408616946566
2024-04-24,169.02,162.4383602420319,-1.0,0.9508832853882977
2024-04-25,169.89,165.90186477468546,-1.0,0.970237796826011
2024-04-26,169.3,165.38160980242958,-1.0,0.9707582821076833
2024-04-29,173.5,164.86374176530632,-1.0,0.9355503116813904
2024-04-30,170.33,160.44285604748455,-1.0,0.9262153436379443
2024-05-01,169.3,164.92673571389986,-1.0,0.9673636993574616
2024-05-02,173.03,163.3677764122694,-1.0,0.9278938538229059
2024-05-03,183.38,166.59152167833113,-1.0,0.8747128483457547
2024-05-06,181.71,164.25022016530195,-1.0,0.8697031355619548
2024-05-07,182.4,165.30284094305148,-1.0,0.8724092607690408
2024-05-08,182.74,164.47531431382774,-1.0,0.8636963754763263
2024-05-09,184.57,167.66105358321988,-1.0,0.8738138327105962
2024-05-10,183.05,167.39091594292853,-1.0,0.8831411637531978
2024-05-13,186.28,168.43789967829835,-1.0,0.8668499975992414
2024-05-14,187.43,168.75953698545578,-1.0,0.8606681864586252
2024-05-15,189.72,172.3298898948415,-1.0,0.8702230589167276
2024-05-16,189.84,170.8827466135403,-1.0,0.8585279598025395
2024-05-17,189.87,173.00990657522993,-1.0,0.8741784072778352
2024-05-20,191.04,175.03152613017716,-1.0,0.8805337770908743
2024-05-21,192.35,177.25126130113586,-1.0,0.8873228455308646
2024-05-22,190.9,180.16592048721378,-1.0,0.919894929009058
2024-05-23,186.88,179.58955051964335,-1.0,0.9455936605943533
2024-05-24,189.98,177.35113383792304,-1.0,0.9057547301337541
2024-05-28,189.99,184.34036616243588,-1.0,0.957838553451014
2024-05-29,190.29,182.01405125504596,-1.0,0.9382391884704923
2024-05-30,191.29,180.95164492404035,-1.0,0.9228480964480623
2024-05-31,192.25,177.7231874428643,-1.0,0.8915909510661514
2024-06-03,194.03,184.38237533998299,-1.0,0.9280028010446492
2024-06-04,194.35,182.26452971003798,-1.0,0.9098099232092387
2024-06-05,195.87,181.15975748239717,-1.0,0.8902220707641579
2024-06-06,194.48,179.576757075805,-1.0,0.8887817692224255
2024-06-07,196.89,188.905586588815,-1.0,0.9404148252896642
2024-06-10,193.12,188.78337286765873,-1.0,0.967637110952677
2024-06-11,207.15,180.33870904797075,-1.0,0.7999157391639607
2024-06-12,213.07,180.79627834738827,-1.0,0.7591513309506587
2024-06-13,214.24,187.83070389760488,-1.0,0.8029157007283945
2024-06-14,212.49,183.40343687165168,-1.0,0.7829360960571019
2024-06-17,216.67,184.25028358284413,-1.0,0.758061817782419
2024-06-18,214.29,191.49082670688784,-1.0,0.8298569157230437
2024-06-20,209.68,191.6685432757877,-1.0,0.8655861438491619
2024-06-21,207.49,192.03916119649782,-1.0,0.8846952328096851
2024-06-24,208.14,186.40966276488544,-1.0,0.837833304215563
2024-06-25,209.07,190.49432973233155,-1.0,0.8613755950173997
2024-06-26,213.25,192.6060450786886,-1.0,0.8459406349155865
2024-06-27,214.1,194.58118545763915,-1.0,0.8543372049077549
2024-06-28,210.62,188.98583957575713,-1.0,0.8385510416101277
2024-07-01,216.75,193.92721807856017,-1.0,0.8296807319295535
2024-07-02,220.27,196.99750807765176,-1.0,0.8263246871466547
2024-07-03,221.55,194.82576703782922,-1.0,0.8005654256554419
2024-07-05,226.34,191.69898330463826,-1.0,0.7414849500346138
2024-07-08,227.82,198.93163456935036,-1.0,0.7844151833533609
2024-07-09,228.68,204.91887820692602,-1.0,0.8226781955740747
2024-07-10,232.98,198.12156075180698,-1.0,0.7398623936702013
2024-07-11,227.57,203.14250082307277,-1.0,0.817705230022931
2024-07-12,230.54,205.21706894093523,-1.0,0.8110229025442928
2024-07-15,234.4,206.1199557804731,-1.0,0.7889548938841275
2024-07-16,234.82,212.91976146133004,-1.0,0.8365653840397764
2024-07-17,228.88,207.00162444017846,-1.0,0.8367285405983467
2024-07-18,224.18,215.48522348774085,-1.0,0.935113608117469
2024-07-19,224.31,213.1047973774448,-1.0,0.9163790849063045
2024-07-22,223.96,212.70126881790367,-1.0,0.9159796180440571
2024-07-23,225.01,214.02843557924305,-1.0,0.9180480267107691
2024-07-24,218.54,216.2914834937992,-1.0,0.9832200260731284
2024-07-25,217.49,210.85740106337119,-1.0,0.9505029930102327
2024-07-26,217.96,214.24461615450588,-1.0,0.9722732548843721
2024-07-29,218.24,204.23391590263722,-1.0,0.8954769843480389
2024-07-30,218.8,211.49728024044015,-1.0,0.9455020913465682
2024-07-31,222.08,197.04901214845722,-1.0,0.8132015831974418
2024-08-01,218.36,203.0306759948648,-1.0,0.88560205966317
2024-08-02,219.86,195.98788295986577,-1.0,0.821849872834819
2024-08-05,209.27,202.5499683980542,-1.0,0.9498505104332402
2024-08-06,207.23,190.24433130672966,-1.0,0.8732412784084304
2024-08-07,209.82,194.6946529552281,-1.0,0.8871242757852843
2024-08-08,213.31,187.89693914556676,-1.0,0.8103502921310952
2024-08-09,216.24,193.80980905524478,-1.0,0.8326105153376475
2024-08-12,217.53,189.84562065684742,-1.0,0.7934001541555777
2024-08-13,221.27,190.2336825813592,-1.0,0.7683856909056656
2024-08-14,221.72,186.2240279130178,-1.0,0.7351046859180432
2024-08-15,224.72,197.28422654963038,-1.0,0.7952554220121669
2024-08-16,226.05,194.5484994197154,-1.0,0.7649141747739954
2024-08-19,225.89,197.39143604938994,-1.0,0.787324149622313
2024-08-20,226.51,191.48471403905734,-1.0,0.7386172689481891
2024-08-21,226.4,201.39392991233333,-1.0,0.8133875366592039
2024-08-22,224.53,194.8895889270223,-1.0,0.7788029024404648
2024-08-23,226.84,200.05117320566245,-1.0,0.8000833821318093
2024-08-26,227.18,197.86551131352562,-1.0,0.7812351590561613
2024-08-27,228.03,203.7270489060332,-1.0,0.8186346933286058
2024-08-28,226.49,209.777282088263,-1.0,0.8752782245392761
2024-08-29,229.79,212.02072366479211,-1.0,0.8673934601850158
2024-08-30,229.0,205.3662039433941,-1.0,0.8236283876372694
2024-09-03,222.77,206.67822115333797,-1.0,0.8799120981592385
2024-09-04,220.85,206.8156152534653,-1.0,0.8952657854736217
2024-09-05,222.38,213.85651459453987,-1.0,0.9363918999592529
2024-09-06,220.82,208.51977243576755,-1.0,0.9082072569833399
2024-09-09,220.91,200.39478617022218,-1.0,0.8469013893300162
2024-09-10,220.11,206.93572389160786,-1.0,0.90168450665379
2024-09-11,222.66,200.8886351220805,-1.0,0.8375271277767201
2024-09-12,222.77,203.53926493175828,-1.0,0.8564870517295393
2024-09-13,222.5,200.27957911658632,-1.0,0.8341759635566143
2024-09-16,216.32,196.27745518454913,-1.0,0.8504287700339488
2024-09-17,216.79,203.16242424473364,-1.0,0.8983016734681616
2024-09-18,220.69,196.54765888393086,-1.0,0.8198332752532154
2024-09-19,228.87,196.8321313468363,-1.0,0.7609114279614648
2024-09-20,228.2,197.28108213692792,-1.0,0.7692618069919994
2024-09-23,226.47,191.72666206351064,-1.0,0.7407213586829152
2024-09-24,227.37,197.51365417448557,-1.0,0.777191449063325
2024-09-25,226.37,190.0782543495561,-1.0,0.7291660772354931
2024-09-26,227.52,197.7836508887174,-1.0,0.7780869469307268
2024-09-27,227.79,198.25462577954426,-1.0,0.7795867595488377
2024-09-30,233.0,201.50198937238923,-1.0,0.7649402191969346
2024-10-01,226.21,204.50293494233134,-1.0,0.838006977181577
2024-10-02,226.78,202.95539065151982,-1.0,0.8222044078471628
2024-10-03,225.67,200.38788079330698,-1.0,0.8113274686067685
2024-10-04,226.8,207.29840591359277,-1.0,0.8544657157730803
2024-10-07,221.69,199.54945001022992,-1.0,0.8347720150017158
2024-10-08,225.77,201.3891868696435,-1.0,0.8180536333555485
2024-10-09,229.54,200.36664940165645,-1.0,0.7822884283705704
2024-10-10,229.04,204.42647815111684,-1.0,0.8163170011277376
2024-10-11,227.55,208.8087193010619,-1.0,0.8601396962765813
2024-10-14,231.3,203.7422292850042,-1.0,0.7943449946642105
2024-10-15,233.85,199.36885326498918,-1.0,0.7426780094402178
2024-10-16,231.78,205.21854426062058,-1.0,0.8017801810494072
2024-10-17,232.15,204.34280330329264,-1.0,0.7924836067409897
2024-10-18,235.0,199.3449927215412,-1.0,0.7339178561309043
2024-10-21,236.48,210.04598404432323,-1.0,0.8027312242113674
2024-10-22,235.86,209.0856566237238,-1.0,0.8001914673412222
2024-10-23,230.76,212.70074915305926,-1.0,0.8652294712914871
2024-10-24,230.57,210.3903985258463,-1.0,0.8494059591481068
2024-10-25,231.41,215.59625120292483,-1.0,0.8819869492755584
2024-10-28,233.4,209.9245894558878,-1.0,0.8248103690737895
2024-10-29,233.67,212.8372580613754,-1.0,0.8445317765774284
2024-10-30,230.1,211.4556982450109,-1.0,0.8608634197388872
2024-10-31,225.91,214.40742979261432,-1.0,0.9141599238254801
2024-11-01,222.91,210.76915492649218,-1.0,0.9093966785559118
2024-11-04,222.01,211.84083154984882,-1.0,0.9241106832078271
2024-11-05,223.45,206.40875731576858,-1.0,0.8728265471326014
2024-11-06,222.72,207.25947068571836,-1.0,0.8846229155650623
2024-11-07,227.48,203.56835295122556,-1.0,0.8215548727703401
2024-11-08,226.96,208.61022935020483,-1.0,0.86306141306123
2024-11-11,224.23,203.13760364250538,-1.0,0.8425940570336223
2024-11-12,224.23,205.08012404262257,-1.0,0.8570904779300192
2024-11-13,225.12,204.61970539443968,-1.0,0.8470127268241766
2024-11-14,228.22,199.63271088775434,-1.0,0.7866620215504055
2024-11-15,225.0,204.6481328230031,-1.0,0.8481203942015156
2024-11-18,228.02,201.40885486282156,-1.0,0.8014093646479219
2024-11-19,228.28,202.63127392650316,-1.0,0.8085915964664414
2024-11-20,229.0,199.5360047833664,-1.0,0.7801194386818388
2024-11-21,228.52,204.27439250928734,-1.0,0.8190626306663233
2024-11-22,229.87,202.06353127613733,-1.0,0.792489039374159
2024-11-25,232.87,210.89636271488172,-1.0,0.8360176322006098
2024-11-26,235.06,204.3186388880289,-1.0,0.7705868573733499
2024-11-27,234.93,216.37117277650333,-1.0,0.8615012893768904
2024-11-29,237.33,200.03173862127045,-1.0,0.7216547658303764
2024-12-02,239.59,214.76390666404214,-1.0,0.8147306467465831
2024-12-03,242.65,208.3773314211346,-1.0,0.7442338165756314
2024-12-04,243.01,219.57976408723022,-1.0,0.8251474931882852
2024-12-05,243.04,213.97406894785414,-1.0,0.7830900667750309
2024-12-06,242.84,218.91131215159893,-1.0,0.8214277026238725
2024-12-09,246.75,220.3004247239644,-1.0,0.8026151098803312
2024-12-10,247.77,227.4442243101356,-1.0,0.8483151067920567
2024-12-11,246.49,223.0936673019101,-1.0,0.8254005022530604
2024-12-12,247.96,227.92516311376255,-1.0,0.8504862918937504
2024-12-13,248.13,235.70739298095359,-1.0,0.9072939774698029
2024-12-16,251.04,239.16909520142443,-1.0,0.9114111582195853
2024-12-17,253.48,239.31537094625435,-1.0,0.8942938130317489
2024-12-18,248.05,246.10254943198373,-1.0,0.9854667868058486
2024-12-19,249.79,245.41868260761052,-1.0,0.967378228415004
2024-12-20,254.49,251.32044908517923,-1.0,0.9763466349640241
2024-12-23,255.27,238.685713312438,-1.0,0.8762366665107312
2024-12-24,258.2,248.15219345504298,-1.0,0.925016369067485
2024-12-26,259.02,241.76017053914816,-1.0,0.8711953025309566
2024-12-27,255.59,257.2599562220712,1.0,0.9875376401337971
2024-12-30,252.2,251.34192269349455,-1.0,0.9935964380111535
2024-12-31,250.42,250.93186088991405,1.0,0.9961801426125816
